[
    {
        "title": "Pasta with Sausage, Tomatoes, and Cream",
        "ingredients": [
            "1 tablespoon olive oil",
            "1/2 lb sweet Italian sausage link , casings removed,crumbled",
            "1/4 teaspoon   crushed dried red pepper flakes",
            "1/4 cup   diced onion",
            "11/2 cloves garlic , minced",
            "1 (14 1/2  ounce) can Italian plum tomatoes , drained,coarsely chopped",
            "3/4 cup    whipping cream",
            "1/4 teaspoon salt",
            "6 ounces pasta",
            "11/2 tablespoons   minced parsley",
            " grated parmesan cheese"
        ],
        "directions": [
            "Heat oil in a heavy skillet over medium heat.",
            "Add sausage and crushed red pepper.",
            "Cook until sausage is no longer pink, stirring frequently, about 7 minutes.",
            "Add onion and garlic to skillet and cook until onion is tender and sausage is light brown, stirring occasionally, about 7 minutes.",
            "Add tomatoes, cream, and salt.",
            "Simmer until mixture thickens slightly, about 4 minutes.",
            "(Can be prepared one day ahead. Cover and chill.).",
            "Cook pasta in large pot of boiling water.",
            "Drain.",
            "Bring sauce to a simmer.",
            "Add pasta to sauce and cook until pasta is heated through and sauce thickens, stirring occasionally, about 2 minutes.",
            "Divide pasta between plates.",
            "Sprinkle with parsley.",
            "Serve, passing Parmesan separately."
        ],
        "cooking_time": "25mins"
    },
    {
        "title": "Tortellini Tomato Spinach Soup",
        "ingredients": [
            "1 tablespoon olive oil",
            "1/2 cup   minced onion (about 1/2 small onion)",
            "1 garlic clove , minced",
            "4 -6 cups chicken broth or 4 -6   cups vegetable broth",
            "1 (14   ounce) can whole tomatoes , coarsely chopped",
            "1 (9   ounce) package  fresh tortellini or  (9   ounce) package  dried tortellini",
            " kosher salt",
            " cracked black pepper",
            "10 ounces fresh spinach or 10   ounces frozen spinach , defrosted and chopped",
            "1/4 cup   freshly grated parmesan cheese (optional)"
        ],
        "directions": [
            "In a soup pot, heat olive oil over medium high heat.",
            "Saute the onion and garlic, stirring often until onions are translucent, about 5 to 7 minutes.",
            "Add broth and tomatoes, turn heat up to high, and bring to a boil.",
            "Add the tortellini and cook according to package instructions.",
            "When tortellini is almost done, add spinach and taste, adjusting seasonings with salt and pepper.",
            "Serve immediately.",
            "Garnish each serving with a sprinkling of Parmesan."
        ],
        "cooking_time": "30mins"
    },
    {
        "title": "Tomato and Basil Bruschetta",
        "ingredients": [
            "6 roma tomatoes , diced",
            "2 cloves garlic , chopped",
            "2 cloves garlic , peeled",
            "3 tablespoons olive oil",
            "21/4 teaspoons    balsamic vinegar",
            "2 tablespoons   chopped fresh basil",
            "1/2 teaspoon kosher salt",
            "1/4 teaspoon fresh cracked pepper",
            "8 slices    Italian bread, cut about 1 inch thick",
            "2 tablespoons   grated parmigiano-reggiano cheese"
        ],
        "directions": [
            "Whisk together chopped garlic, vinegar, salt, pepper, and basil.",
            "When combined slowly drizzle in oil.",
            "Add tomatoes and let sit for 20 minutes at room temp.",
            "Meanwhile back at the bat cave, toast the bread.",
            "This can be done either in the toaster (if it's got really wide slots) or under the broiler (if using this method watch closely so it doesn't become a brickette).",
            "When the bread is toasted rub each piece, on one side, with the whole garlic pieces.",
            "Place the bread on a cookie sheet and top with tomato mixture.",
            "Sprinkle on a little cheese and broil till the cheese melts (you can skip that last broiling bit and it's equally as wonderful).",
            "Serve immediately.",
            "The tomato mixture also makes a wonderful vinegrette for an antipasto salad.",
            "Enjoy!"
        ],
        "cooking_time": "45mins"
    },
    {
        "title": "Simple Tomato Sandwich",
        "ingredients": [
            "2 slices    bread (homemade strongly recommended, cracked wheat is my specific favorite)",
            "1 medium   organic tomatoes (room temperature or fresh from the stalk, do NOT attempt this with pale, store-bought types!) or 1   medium   garden tomatoes (room temperature or fresh from the stalk, do NOT attempt this with pale, store-bought types!)",
            "3 tablespoons Miracle Whip or 3   tablespoons mayonnaise",
            " salt , to taste"
        ],
        "directions": [
            "Toast bread.",
            "Slice tomato.",
            "When bread is adequately toasted, liberally spread both sides with Miracle Whip (or butter one side with Miracle Whip on the other).",
            "Lay tomato slices on one side of bread.",
            "Salt tomato to taste.",
            "Slap that baby together and savor summer at its best!"
        ],
        "cooking_time": "5mins"
    },
    {
        "title": "Bacon Lattice Tomato Muffins #RSC",
        "ingredients": [
            " Reynolds Wrap Foil",
            "12 slices bacon",
            "8 flakey biscuits",
            "1 teaspoon mayonnaise",
            "6 ounces cream cheese , softened",
            "1/2 teaspoon dried rosemary",
            "1/2 teaspoon salt",
            "1/4 teaspoon pepper",
            "1 (10   ounce) container grape tomatoes , chopped",
            "1/2 cup    diced onion",
            "1 cup monterey jack cheese , grated"
        ],
        "directions": [
            "Preheat oven to 400\u00b0F Line a rimmed baking sheet with Reynolds Wrap\u00ae Foil. Spray lightly with non-stick spray or use non-stick Reynolds Wrap\u00ae Foil.",
            "Cut bacon into 3\" pieces. Make 8 bacon lattices about 3.5\" square. Arrange lattices on foil so they don't touch. Bake 8 - 10 minutes until browned. Remove to paper towel to blot grease. Reduce oven temp to 350\u00b0F.",
            "Press biscuits into a muffin pan to form 8 cups or use 3.5\" oven proof ramekins. In a medium bowl, mix mayonnaise, cream cheese, rosemary, salt, and pepper. Mix in tomatoes and onions.",
            "Spoon mixture evenly into the 8 biscuit cups. Top with cheese. Wrap each loosely with classic Reynolds Wrap\u00ae Foil without touching the cheese. Bake 30 minutes.",
            "Remove foil and center a bacon lattice on top of each. Bake another 3-5 minutes until bacon sizzles. Remove from oven and allow to set 5 minutes."
        ],
        "cooking_time": "1hr"
    },
    {
        "title": "Authentic Italian Tomato Sauce",
        "ingredients": [
            "2 (28   ounce) cans tomato puree",
            "1 (28   ounce) can  peeled plum tomatoes",
            "2 cloves garlic",
            "1 small onion , diced",
            "6 cloves",
            "1 teaspoon basil",
            "1 teaspoon kosher salt",
            "1/4 teaspoon fresh ground pepper",
            "2 tablespoons sugar",
            "1/4 cup extra virgin olive oil",
            "1/4 cup   grated cheese"
        ],
        "directions": [
            "In a large pot, saut\u00e9 onion and garlic in olive oil.",
            "Empty plum tomatoes into large bowl and squash with your hands.",
            "Add all ingredients (including any meatballs or sausage you want to add) to pot and simmer for 3 hours."
        ],
        "cooking_time": "3hrs 20mins"
    },
    {
        "title": "Green Beans with Cherry Tomatoes",
        "ingredients": [
            "11/2 lbs green beans",
            "1 tablespoon butter",
            "3/4 teaspoon    garlic salt",
            "1 tablespoon sugar",
            "1/2 teaspoon basil",
            " salt",
            " pepper",
            "1/2 pint cherry tomatoes , cut in half"
        ],
        "directions": [
            "Cook beans in water, until tender.",
            "In a fry, melt butter and add garlic salt, sugar, basil, salt and pepper.",
            "Swish cherry tomato halves around until barely soft and heated, but not squishy.",
            "Add the drained beans and mix well.",
            "(TO SAVE TIME, you can use drained canned green beans instead of fresh green beans and canned stewed tomatoes instead of fresh cherry tomatoes. Just add the canned vegetables to the butter/basil mixture and heat through. I do this frequently and it works o)."
        ],
        "cooking_time": "45mins"
    },
    {
        "title": "Roasted Tomato Soup",
        "ingredients": [
            "2 lbs plum tomatoes",
            "6 garlic cloves , peeled and whole",
            "1/4 medium red onion",
            "1 tablespoon olive oil",
            "1 tablespoon    balsamic vinegar",
            "2 sprigs oregano , remove leaves from stem",
            "3 -4 basil leaves",
            " salt",
            " pepper",
            "2 2   cups fat-free chicken broth or 2   cups water",
            "1/4 cup parmesan cheese , shaved or grated  (optional)"
        ],
        "directions": [
            "Pre-heat oven to 375 degrees.",
            "Wash and cut tomatoes, placing in a shallow baking dish cut side down.",
            "Add onion pieces, garlic, oregano and basil to the pan.",
            "Drizzle vegetables with olive oil and balsamic vinegar.",
            "Season with salt and pepper.",
            "Bake for 45 minutes.",
            "Place roasted vegetables in food processor bowl or blender and begin puree. Slowly add broth or water until soup has desired consistency. Continue blending until smooth.",
            "An immersion blender also works very well. (If you warm the broth first, the soup will be hot without reheating.).",
            "Serve garnished with cheese if desired."
        ],
        "cooking_time": "50mins"
    },
    {
        "title": "Kielbasa With Tomatoes and White Beans",
        "ingredients": [
            "1 -2 tablespoon    oil or 1 -2   tablespoon butter",
            "1 lb smoked kielbasa , sliced 1/2 inch thick",
            "1 small onion , chopped",
            "2 garlic cloves , minced",
            "1/2 teaspoon dried rosemary , crushed",
            "1/2 teaspoon dried oregano",
            "1/2 teaspoon dried basil",
            "1 (14 1/2  ounce) can  peeled diced tomatoes",
            "1 (16   ounce) can navy beans or  (16   ounce) can cannellini beans , drained"
        ],
        "directions": [
            "Heat oil or butter in a large skillet, add Kielbasa and cook over medium high heat until lightly browned, remove with slotted spoon.",
            "Reduce heat to medium, add onions and cook until transparent.",
            "Reduce heat to low, add garlic and herbs and cook 1 minute.",
            "Add kielbasa, tomatoes and white beans, bring to a boil, reduce heat and simmer 10 minutes."
        ],
        "cooking_time": "35mins"
    },
    {
        "title": "Oven-Dried Tomatoes",
        "ingredients": [
            "2 pints cherry tomatoes , cut in half",
            "3 tablespoons   chopped basil",
            "2 tablespoons   chopped oregano",
            "2 cloves garlic , minced",
            "2 tablespoons extra virgin olive oil",
            " salt and pepper"
        ],
        "directions": [
            "Pre-heat the oven to 225\u00b0 F.",
            "Cut the tomatoes in half, add fresh garlic, olive oil, basil, oregano and salt and pepper to taste.",
            "Spread them out on a parchment-lined cookie sheet and place in the oven.",
            "Bake for one hour, then turn off the oven and allow the tomatoes to sit overnight in the warmth of the oven."
        ],
        "cooking_time": "1hr 10mins"
    },
    {
        "title": "Kittencal's Thick and Rich Creamy Tomato Soup (Low-Fat Option)",
        "ingredients": [
            "3 tablespoons butter",
            "1 small onion , very finely chopped",
            "11/2 teaspoons dried oregano",
            "4 garlic cloves , minced  (or finely chopped)",
            "1 pinch crushed red pepper flakes (or adjust to taste)",
            "2 tablespoons all-purpose flour",
            "1 cup milk",
            "3 cups tomato juice , divided",
            "1 (28   ounce) can crushed tomatoes",
            "3 -4 teaspoons sugar",
            "1/2 teaspoon salt (or to taste, I use seasoned salt)",
            " parmesan cheese (optional)",
            " crouton (see my Kittencal's Garlic Croutons )",
            " fresh ground black pepper (to taste)"
        ],
        "directions": [
            "In a bowl combine 2 cups tomato juice with crushed tomatoes and milk.",
            "In a saucepan melt the butter over medium-high heat.",
            "Add in onion and dried oregano; saute until softened (about 3 minutes).",
            "Add in garlic and red pepper flakes; cook stirring for 2 minutes.",
            "Add in flour and stir for 1 minute.",
            "Slowly add in the tomato/milk mixture whisking constantly to remove any lumps; bring to a boil stirring frequently until bubbly and thickened, then season with sugar, salt and pepper (the mixture will be quite thick).",
            "Reduce heat to low, add in remaining 1 cup of tomato juice (or more) and simmer uncovered  for 45 minutes to 1 hour (can simmer longer if desired,  if the soup is still too thick for your liking add in more tomato juice and keep seasoning with salt and pepper if needed  during cooking).",
            "Ladle into bowl then sprinkle with Parmesan cheese and croutons if desired.",
            "Delicious!"
        ],
        "cooking_time": "1hr 10mins"
    },
    {
        "title": "Chicken Breast Stuffed With Feta Cheese, Sun-Dried Tomato",
        "ingredients": [
            "4 boneless skinless chicken breasts , pounded thin",
            "1 medium red bell pepper , diced",
            "6 garlic cloves , minced",
            "5 large sun-dried tomatoes , diced",
            "1 teaspoon thyme",
            "8 ounces feta cheese , crumbled finely",
            "1/2 cup    breadcrumbs (I use Italian style)",
            " olive oil",
            " salt",
            " pepper",
            " toothpick (or Butcher String)",
            " green onion , chopped  (for garnish)"
        ],
        "directions": [
            "Saut\u00e9 garlic and red bell pepper, in Olive Oil, for about 3 minutes (just enough to\"combine\" the flavors).",
            "Put aside to cool.",
            "In a bowl, combine Feta cheese, breadcrumbs, thyme, sun-dried tomatoes, and garlic and red pepper mixture.",
            "Toss until well mixed (this will be your \"stuffing\").",
            "Lay a flattened piece of chicken breast on a cutting board or your counter.",
            "Put a 1/4 of the above mixture on the flattened chicken breast like you would be making a burrito and roll as tight as you can get it.",
            "Secure it with a toothpick or butcher string.",
            "Place chicken breast \"roll\" on a baking sheet (I spray it with Pam so it doesn't stick),  brush with olive oil (this gives it a nice golden brown texture), and season with salt and pepper.",
            "Preheat oven to 350\u00b0F.",
            "Cook for about 35 minutes or until the internal temperature reaches 180\u00b0F.",
            "I guess you could try it on a grill, but I never attempted it yet!",
            "Garnish with chopped green onion and serve hot."
        ],
        "cooking_time": "55mins"
    },
    {
        "title": "2- Handed Kitchen Sink Tomato Sandwich",
        "ingredients": [
            "1 -2 large   fresh picked vine ripened tomatoes",
            "2 slices    bread",
            " salt and pepper",
            " mayonnaise or Miracle Whip"
        ],
        "directions": [
            "In the peak of tomato season, chill 1 very large or 2 medium size tomatoes that have been vine-ripened and have plenty juice.",
            "Take 2- slices of bread and coat them with 1/4 inch good mayonnaise.",
            "Add layer of tomatoes cut 1/4 inch thick.",
            "Salt & Pepper to taste.",
            "Add another slice of tomatoes and salt and pepper to taste again.",
            "Add the other piece of bread on top of this.",
            "Roll up your sleeves and start eating over the kitchen sink while the juice runs down your elbows."
        ],
        "cooking_time": "15mins"
    },
    {
        "title": "Mom's Best Tomato Soup Canning Recipe",
        "ingredients": [
            "6 onions , chopped",
            "1 bunch celery , chopped",
            "8 quarts fresh tomatoes (or 5-6 quarts of juice)",
            "1 cup sugar",
            "1/4 cup salt",
            "1 cup butter",
            "1 cup flour"
        ],
        "directions": [
            "Chop onion& celery.",
            "Place in large kettle w/ just enough water to keep them from burning.",
            "While this simmers, cut tomatoes (remove stems if not using strainer).",
            "Add to kettle& cook until tender.",
            "Place this all through Victorio strainer (or similar).",
            "Return to kettle.",
            "Add sugar& salt.",
            "Cream butter and flour together& mix thoroughly with two cups of COLD juice, until dissolved (or blend together in a blender), to avoid lumps of flour in the juice.",
            "Add butter/flour mixture to warmed tomato juice. (Add before it's hot, to avoid lumps of flour!).",
            "Stir well.",
            "Heat just until hot. (If it gets to a boil, it can make the flour lumpy).",
            "Just prior to boiling, turn off the burner. (It will continue to thicken as it cools.).",
            "Ladle into jars& close securely with lids.",
            "Return to canner & process 20-30 minutes (start timing when it's at a 'rolling' boil).",
            "Remove from canner & allow to set until sealed (approx. 12 hours) To serve, mix equal parts tomato concentrate to milk, and add 1/2 t. of baking soda per pint as it cooks (1 t. per quart).",
            "."
        ],
        "cooking_time": "1hr 50mins"
    },
    {
        "title": "Penne with Tomato Herb Cream Sauce",
        "ingredients": [
            "2 tablespoons    oil",
            "1 clove garlic , minced",
            "1 medium onion , chopped",
            "1 (28   ounce) can diced tomatoes or 4   medium tomatoes , diced",
            "1 teaspoon sugar",
            "1 teaspoon dried basil",
            "1/2 teaspoon dried oregano",
            "1/2 teaspoon salt",
            "3 cups penne",
            "1/2 cup    whipping cream"
        ],
        "directions": [
            "Saute onion and garlic in oil.",
            "Add tomatoes, sugar, basil, oregano, salt.",
            "Bring to a boil, then simmer 20-25 minutes.",
            "Meanwhile, cook pasta.",
            "Stir cream into sauce and heat through."
        ],
        "cooking_time": "30mins"
    },
    {
        "title": "Spinach, Tomato and Feta Quiche",
        "ingredients": [
            "1 package   frozen shortcrust pastry dough",
            "1 tablespoon olive oil",
            "2 cups   packed fresh spinach leaves , trimmed and washed thoroughly",
            "4 large eggs",
            "2/3 cup creme fraiche (you can also use heavy cream or milk)",
            "1/3 cup   crumbled feta cheese",
            "6 cherry tomatoes , halved",
            "2 cloves garlic , minced",
            "2 tablespoons fresh chives , chopped",
            " fresh ground black pepper"
        ],
        "directions": [
            "Two hours before you want to make the quiche, take the dough out of the freezer to defrost.",
            "When you're ready to start, lay the dough into either a 10 inch quiche or springform baking pan, making sure you have enough dough to form a crust around the edge.",
            "The crust should come 1 to 1 1/2 inches up the side of the pan.",
            "Crumble the feta cheese onto the bottom of the crust.",
            "Pour the olive oil into a saucepan and, when it is heated, throw in the spinach and cook until wilted.",
            "Spread the spinach over the feta cheese.",
            "Beat the eggs, garlic and creme fraiche together.",
            "Pour over top of the feta cheese and spinach.",
            "Place cherry tomatoes on top of the quiche.",
            "Sprinkle chives and ground pepper on top.",
            "Bake at 350 F or 180 C for 45 minutes."
        ],
        "cooking_time": "1hr"
    },
    {
        "title": "EASY! Penne with chicken, spinach and tomato Alfredo (soooo good!)",
        "ingredients": [
            "1 box penne pasta (use Barilla brand!)",
            "11/2 lbs boneless chicken breasts",
            "2 jars Classico Alfredo with sun dried tomatoes",
            "1 box   chopped frozen spinach",
            "1 (14 1/2  ounce) can  diced Italian tomatoes",
            " salt and pepper, to taste"
        ],
        "directions": [
            "Thaw spinach completely in a colander lined with a few paper towels.",
            "This may take a few hours.",
            "Squeeze spinach completely dry.",
            "Set aside.",
            "Cut up chicken into bite size pieces.",
            "Brown in a skillet.",
            "Keep warm.",
            "Cook penne according to package.",
            "Meanwhile, in a medium sauce pan, add both jars of sauce, tomato and spinach.",
            "Bring to a simmer on low heat, stirring occasionally.",
            "Continue simmering for 10 minutes or so.",
            "When pasta is done, drain and place in a large serving bowl.",
            "Add chicken and stir.",
            "Add Alfredo mixture and stir again.",
            "Serve right away with garlic bread."
        ],
        "cooking_time": "25mins"
    },
    {
        "title": "Pasta with Shrimp in Tomato Cream",
        "ingredients": [
            "2 teaspoons    oil (from sun dried tomatoes packed in oil)",
            "1 clove garlic , minced",
            "1 lb medium shrimp , shelled and deveined",
            "1/4 cup   thinly sliced green onion",
            "1/3 cup sun-dried tomato , packed in oil and cut into slivers",
            "1/2 teaspoon white pepper",
            "1 cup chicken broth",
            "3/4 cup dry vermouth",
            "1 cup    whipping cream",
            "10 ounces bow tie pasta",
            " water",
            " shaved parmesan cheese",
            " fresh, minced basil"
        ],
        "directions": [
            "In a 12 inch frying pan over medium high heat combine oil and garlic.",
            "When hot (sizzle) add shrimp and cook, stirring constantly until opaque in center-no more than 6 minutes.",
            "Lift out shrimp and set aside.",
            "Add to pan onion, tomatoes, pepper, broth, booze, and cream.",
            "Boil on high heat, uncovered, until reduced to about 1 1/2 cups, around 10 minutes.",
            "Add shrimp and stir until hot.",
            "Meanwhile cook pasta in water until done-around 8 minutes.",
            "Drain well.",
            "Add to cooked sauce and toss lightly.",
            "Offer shaved cheese and basil at the table."
        ],
        "cooking_time": "40mins"
    },
    {
        "title": "Kittencal's Italian Tomato Pasta Sauce and Parmesan Meatballs",
        "ingredients": [
            " prepared meatballs, recipe  (see my Kittencal's Italian Melt-In-Your-Mouth Meatballs )",
            " olive oil (to cover bottom of the pot)",
            "1 large onion , chopped",
            "6 large garlic cloves , finely chopped  (or to taste)",
            "1 -2 bay leaf",
            "1 tablespoon dried oregano (rubbed with fingers to release the oils)",
            "1 tablespoon dried basil (rubbed with fingers to release the oils)",
            "1 -2 tablespoon salt (or to taste)",
            "1 teaspoon fresh ground black pepper (or to taste)",
            "1 teaspoon crushed red pepper flakes (optional or to taste)",
            "1 (6   ounce) can tomato paste",
            "1/3-1/2 cup dry red wine (or to taste)",
            "2 (28   ounce) cans crushed tomatoes (can use 3 cans if you plan of freezing some sauce)",
            "2 (28   ounce) cans diced tomatoes , well drained",
            "1 tablespoon sugar (optional and to be added in the last 30 minutes of cooking time)"
        ],
        "directions": [
            "Prepare the meatball recipe as directed on the recipe; transfer to a plate cover with plastic wrap and refrigerate until ready to use (the meatballs may be prepared up to 1 day in advance).",
            "Drain the diced tomatoes over a strainer.",
            "Coat bottom of large heavy-bottomed pot with olive oil, heat over medium heat.",
            "Saute onion with  bay leaf, oregano, basil, salt, black pepper and crushed chili peppers for about 5-7 minutes or until the onions are transparent.",
            "Add in fresh garlic; cook stirring for 2 minutes.",
            "Add the tomato paste;mix and stir for about 2 minutes or until well combined with the onion mixture.",
            "Add in the wine; stir well to combine.",
            "Add the 2 cans crushed tomatoes (can use 3 cans if you are freezing some sauce) and the drained diced tomatoes, stir and bring to a light boil; boil for 5-8 minutes then reduce heat to low.",
            "Add in uncooked meatballs to the sauce (if you are adding the meatballs uncooked do not stir for 30 minutes or you may run the risk of them falling apart in the simmering sauce).",
            "Simmer uncovered on low heat for about 3-5 hours (the longer you simmer uncovered the thicker and richer your sauce will be so don't be afraid to simmer even 6 hours!) adding more salt if desired.",
            "Skim off any fat that might gather on top of sauce.",
            "Allow to cool to room temperature then refrigerate (with the meatballs in the sauce) a minimum of 1 day or up to 4 days before using.",
            "Use as much as desired then freeze the rest for another meal, just reheat the sauce on top of the stove or heat in microwave (this will freeze well for up to 6 months).",
            "Note: if desired, you can bake the meatballs in the oven before adding to the sauce."
        ],
        "cooking_time": "3hrs 30mins"
    },
    {
        "title": "Balsamic Tomato Couscous",
        "ingredients": [
            "2 cups   nonfat vegetable broth or 2   cups nonfat chicken broth",
            "1 teaspoon dried basil",
            "1 teaspoon   minced garlic",
            "11/2 cups   uncooked couscous",
            "3 tablespoons    balsamic vinegar",
            "2 teaspoons olive oil",
            "1/4 teaspoon ground pepper",
            "5 small tomatoes"
        ],
        "directions": [
            "In a medium pan, bring the broth to a boil.",
            "When it is boiling add the basil and garlic and stir.  Then add the couscous, cover the pan, and remove it from the heat.  Let sit 5-10 minutes.",
            "Chop the tomatoes.",
            "In a small bowl mix the balsamic vinegar, the oil, and the pepper.  Add the tomatoes.",
            "When the couscous is ready add the tomato mixture and mix well.",
            "Serve hot or cold."
        ],
        "cooking_time": "20mins"
    },
    {
        "title": "Creamy Sun-dried Tomato,Roasted Red Pepper and Artichoke Pasta",
        "ingredients": [
            "1 lb bow tie pasta",
            "1 tablespoon olive oil",
            "4 cloves garlic , pressed",
            "1/2 cup onion , diced",
            "3/4 cup sun-dried tomato packed in oil , drained and chopped",
            "1 (7   ounce) jar   roasted red peppers, drained and chopped",
            "1/2 cup basil , chopped  (firmly packed)",
            "5 green onions , sliced",
            "1 can water-packed artichoke hearts , sliced",
            "1/2 cup asiago cheese",
            "1 cup    whipping cream",
            "1 teaspoon red pepper flakes",
            "1 cup   reserved pasta water"
        ],
        "directions": [
            "Cook Bowties according to package directions.",
            "Reserve 1 cup of the cooking water.",
            "Heat oil in a large pan.",
            "Add garlic and onion, cook until translucent.",
            "Add tomatoes and roasted peppers.",
            "Cook for 3 minutes; stir in red pepper flakes.",
            "Add artichoke hearts and cook for 3 minutes.",
            "Add whipping cream and asiago cheese.",
            "Allow to simmer until it starts to thicken.",
            "Stir in basil and green onion.",
            "Season with salt and pepper if desired.",
            "Toss with bowties.",
            "Add 1 cup reserved pasta water to make it saucier."
        ],
        "cooking_time": "30mins"
    },
    {
        "title": "Bow Ties With Sausage, Tomato, and Cream",
        "ingredients": [
            "1 (12   ounce) package bow tie pasta",
            "1 tablespoon olive oil",
            "1 lb polska kielbasa , sliced",
            "1/2 teaspoon red pepper flakes",
            "1/2 cup    diced onion",
            "3 garlic cloves , minced",
            "1 (28   ounce) can  italian-style plum tomatoes , coarsely chopped",
            "11/2 cups heavy cream",
            "1/2 teaspoon salt",
            "3 tablespoons   minced fresh parsley"
        ],
        "directions": [
            "Bring a large pot of lightly salted water to a boil.",
            "Cook pasta in boiling water for 8 to 10 minutes, or until al dente; drain.",
            "Heat oil in a large, deep skillet over medium heat.",
            "Cook sausage and pepper flakes until sausage is heated and browning around the edges.",
            "Stir in onion and garlic, and cook until onion is tender.",
            "Stir in tomatoes, cream, and salt.",
            "Simmer until mixture thickens, 8 to 10 minutes.",
            "Stir cooked pasta into sauce, and heat through.",
            "Sprinkle with parsley."
        ],
        "cooking_time": "45mins"
    },
    {
        "title": "Homemade Salsa using canned tomatoes!",
        "ingredients": [
            "11/2 cans   canned tomatoes with juice",
            "3 fresh jalapeno peppers, chopped",
            "1 small onion , chopped",
            "1 lime, juice of",
            "2 cloves garlic , peeled",
            "1/4 cup   snipped fresh parsley",
            "1 teaspoon salt (or to taste)",
            "1/2 teaspoon pepper",
            "3 dashes Tabasco sauce"
        ],
        "directions": [
            "Process in food processor or blender for just a few seconds for chunky salsa or a bit longer for a smoother texture."
        ],
        "cooking_time": "10mins"
    },
    {
        "title": "Fresh Tomato Spaghetti Sauce",
        "ingredients": [
            "4 lbs fresh tomatoes , chopped & peeled",
            "2 medium onions , chopped",
            "4 garlic cloves , chopped",
            "1/4 cup fresh basil , chopped",
            "1/4 cup olive oil",
            "1 teaspoon salt",
            "4 sprigs parsley",
            "1 tablespoon sugar",
            " grated parmesan cheese",
            "2 tablespoons fresh oregano",
            "1 lb hot Italian sausage",
            "1 lb ground beef"
        ],
        "directions": [
            "To cook pasta sauce, heat olive oil over medium heat in a large iron skillet or heavy saucepan.",
            "Add onion, basil, garlic oregano and salt.",
            "Saute until onion is tender, approximately 5 minutes.",
            "Add tomato, parsley and sugar; heat to a boil; reduce heat and simmer, uncovered for about 2 hours, stirring often or until sauce has thickened.",
            "Remove parsley.",
            "Brown meat add to sauce.",
            "If needed add tomato sauce for consistency",
            "Serve over cooked spaghetti or other Italian pasta and top with Parmesan cheese."
        ],
        "cooking_time": "2hrs 10mins"
    },
    {
        "title": "Quick, Easy, and Cheap Tomato Soup",
        "ingredients": [
            "1 (6   ounce) can tomato paste",
            "24 ounces milk (refill paste can 4x) or 24   ounces water (refill paste can 4x)",
            "1 teaspoon salt (to taste)",
            "1 teaspoon sugar",
            " ",
            "1/4 teaspoon garlic powder",
            "1 teaspoon cheese",
            "1 teaspoon bacon",
            "1 teaspoon onion powder",
            "1 teaspoon celery seed"
        ],
        "directions": [
            "Put tomato paste in saucepan; add milk or water using empty tomato paste can and rinsing can thoroughly.",
            "Add salt and sugar and optional additions if using; stir.",
            "Cook on medium, stir and serve."
        ],
        "cooking_time": "8mins"
    },
    {
        "title": "Simple Tomato and Avocado Salad",
        "ingredients": [
            "2 medium   vine ripe tomatoes , chopped",
            "1 avocado , chopped",
            "1/4 cup   diced red onion",
            "1 tablespoon olive oil",
            "1 tablespoon    balsamic vinegar",
            "1 teaspoon lemon juice",
            " salt and fresh pepper"
        ],
        "directions": [
            "Combine all ingredients in small bowl and toss together.",
            "Let stand 5 minutes before serving."
        ],
        "cooking_time": "10mins"
    },
    {
        "title": "Italian Sausage, Tomato, and Cream With Bow Ties",
        "ingredients": [
            "2 tablespoons olive oil",
            "1 lb    sweet Italian sausage, casings removed and crumbled",
            "1/2 teaspoon dried red pepper flakes",
            "1/2 cup    diced onion",
            "2 garlic cloves , minced",
            "1 (15   ounce) can Italian plum tomatoes , coarsely chopped",
            "1 (3   ounce) can black olives , sliced",
            "11/2 cups    whipping cream",
            "1/2 teaspoon salt",
            "12 ounces bow tie pasta",
            "3 tablespoons   minced fresh parsley",
            " freshly grated parmesan cheese"
        ],
        "directions": [
            "Heat oil in heavy large skillet over medium heat. Add sausage and pepper flakes. Cook until sausage is no longer pink, stirring frequently, about 7 minutes.",
            "Add onion and garlic to skillet and cook until onion is tender and sausage is light brown, stirring occasionally, about 7 minutes.",
            "Add tomatoes, olives, cream, salt and parsley. Simmer until mixture thickens slightly, about 4 minutes.",
            "Cook pasta in large pot of boiling salted water until just tender but still firm to bite, stirring occasionally to prevent sticking.",
            "Toss with mixture and sprinkle with parmesan."
        ],
        "cooking_time": "30mins"
    },
    {
        "title": "Green (Un-Ripe) Tomato Salsa for Canning",
        "ingredients": [
            "5 lbs green tomatoes , chopped small  (as you prefer for salsa)",
            "6 yellow onions , chopped  (4 cups)",
            "3 jalapenos, chopped with seeds  (1/2 cup)",
            "4 large red bell peppers , chopped  (2 cups)",
            "6 garlic cloves , minced",
            "1 cup fresh cilantro , chopped",
            "1 cup lime juice",
            "1/2 cup vinegar",
            "1 tablespoon salt",
            "1/2 tablespoon cumin",
            "1 tablespoon dried oregano leaves",
            "2 teaspoons pepper",
            "1/4 teaspoon cayenne (optional, to taste)",
            "1 -2 teaspoon sugar"
        ],
        "directions": [
            "Combine everything in a large pot, mixing well.  Bring to a boil, reduce heat to simmer, and cook for 30-40 minutes, stirring occasionally.",
            "To continue canning, bring salsa to a boil.",
            "Ladle salsa into hot sterile jars, leaving 1/2 inch headspace.  Wipe lids and jar edges clean before finger tightening lids and placing them back in the boiling canning pot.",
            "Process (boil) jars for 15 minutes.",
            "Remove carefully and let sit for 24 hours.  Check lids for seal, and refrigerate any unsealed jars."
        ],
        "cooking_time": "1hr 30mins"
    },
    {
        "title": "Quick Homemade Tomato Soup",
        "ingredients": [
            "2 tablespoons    vegetable oil",
            "2 onions , chopped",
            "4 cloves garlic , minced",
            "1 (28   ounce) can stewed tomatoes",
            "3 cups    chicken stock",
            "1/4 cup tomato paste",
            "1/4 teaspoon pepper"
        ],
        "directions": [
            "in saucepan, heat oil over medium heat.",
            "Cook onions and garlic until softened.",
            "Add tomatoes, stock, tomato paste and pepper.",
            "Bring to a boil.",
            "Reduce heat and simmer for 15 minutes or until slightly thickened.",
            "Using immersion blender or food processor, puree (optional)."
        ],
        "cooking_time": "25mins"
    },
    {
        "title": "Baked Macaroni and Cheese with Stewed Tomatoes",
        "ingredients": [
            "1 (1   lb) box shell macaroni or  (1   lb) box elbow macaroni",
            "3 cups milk",
            "1/4 lb butter",
            "1 teaspoon salt",
            "1/2 teaspoon black pepper",
            "4 tablespoons cornstarch",
            "1/4 cup milk",
            "12 ounces   shredded extra-sharp cheddar cheese , divided usage",
            "2 cans stewed tomatoes"
        ],
        "directions": [
            "Preheat oven to 350 degrees.",
            "Cook macaroni according to package directions and drain, rinse and set aside.",
            "In a large saucepan, over medium heat, heat the 3 cups of milk, butter, salt and pepper until hot but not boiling.",
            "In a small bowl or cup, combine 1/4 cup of milk with the cornstarch and stir until dissolved.",
            "Slowly add this to the hot milk mixture, stirring constantly with a whisk.",
            "When mixture has thickened, remove from heat and stir in 2 cups of the cheese until melted.",
            "Pour pasta into a large mixing bowl and add the cheese mixture and the stewed tomatoes.",
            "Mix well until macaroni is well coated.",
            "Pour into a greased 9 x 13 baking dish or 3 quart casserole and top with remaining cheese.",
            "Bake for 35 to 45, or until golden brown."
        ],
        "cooking_time": "1hr 10mins"
    },
    {
        "title": "Greek Tomato Salad",
        "ingredients": [
            "4 fresh tomatoes , chopped",
            "1 cucumber , peeled and chopped",
            "1 green bell pepper , cut into 1/2 ,pieces",
            "1/2 cup   chopped red onion",
            "1 tablespoon   red wine vinegar",
            "1 tablespoon   balsamic vinegar",
            "1 tablespoon extra virgin olive oil",
            "1 teaspoon salt",
            "1 tablespoon   chopped fresh oregano",
            "1/4 cup kalamata olive",
            "1/2 cup feta cheese , crumbled  (I use the fat free type)"
        ],
        "directions": [
            "Mix together vinegars, oil, salt and oregano.",
            "Add other ingredients.",
            "Marinate several hours in refrigerator to allow flavors to blend.",
            "Serve."
        ],
        "cooking_time": "2hrs"
    },
    {
        "title": "Baked Cherry Tomatoes with Parmesan Topping",
        "ingredients": [
            "2 tablespoons extra virgin olive oil",
            "2 pints cherry tomatoes",
            "1 teaspoon salt",
            "1 teaspoon ground black pepper",
            "1/4 cup   chopped fresh parsley",
            "1/4 cup   freshly grated parmesan cheese"
        ],
        "directions": [
            "Pour oil into 13x9x2-inch broilerproof ceramic baking dish.",
            "Add tomatoes, turn to coat with oil.",
            "Sprinkle with salt and pepper.",
            "Top with parsley and cheese.",
            "Preheat oven to 400.",
            "Bake tomatoes just until plump and shiny but not split, about 10 minutes.",
            "Preheat broiler.",
            "Broil until tomatoes begin to split and cheese begins to color, about 2 minutes.",
            "Serve hot or warm."
        ],
        "cooking_time": "17mins"
    },
    {
        "title": "Marinated Cucumbers, Onions, and Tomatoes",
        "ingredients": [
            "3 medium cucumbers , peeled and sliced 1/4 inch thick",
            "1 medium onion , sliced and separated into rings",
            "3 medium tomatoes , cut into wedges",
            "1/2 cup vinegar",
            "1/4 cup sugar",
            "2 teaspoons salt",
            "1 teaspoon fresh coarse ground black pepper",
            "1/4 cup    oil",
            "1 teaspoon   chopped of fresh mint (optional)"
        ],
        "directions": [
            "Combine all ingredients in a large bowl.",
            "Toss well to mix.",
            "Refrigerate at least 2 hours before serving."
        ],
        "cooking_time": "2hrs 15mins"
    },
    {
        "title": "Mozzarella, Tomato and Basil Salad",
        "ingredients": [
            "4 large tomatoes",
            "2 cups mozzarella cheese",
            "8 -10 leaves fresh basil",
            "4 tablespoons extra virgin olive oil",
            " salt and pepper",
            " balsamic vinegar (optional)"
        ],
        "directions": [
            "Slice tomatoes and mozzarella cheese same thickness.",
            "Arrange the tomatoes, mozzarella, and basil alternating in a circle around a decorative serving dish.",
            "Drizzle with olive oil (and balsamic vinegar if desired).",
            "Serve with salt and pepper to individual taste."
        ],
        "cooking_time": "5mins"
    },
    {
        "title": "Pasta With Roasted Garlic and Cherry Tomatoes",
        "ingredients": [
            "4 cups cherry tomatoes , cut in half",
            "12 garlic cloves , cut in half  (don't be shy)",
            "1/4 cup extra virgin olive oil",
            "1 teaspoon dried basil",
            "1/2 teaspoon salt",
            "1/4 teaspoon    hot pepper flakes",
            "1/4 teaspoon ground pepper",
            "1 lb bucatini pasta (I used bow tie) or 1   lb   your favourite pasta (I used bow tie)",
            "1/4 cup   chopped fresh parsley",
            "1/2 cup   freshly shaved parmesan cheese"
        ],
        "directions": [
            "In a bowl toss sliced tomatoes, sliced garlic, oil, basil, salt, hot pepper flakes and ground pepper.",
            "Place in a 9 X 13 metal cake pan and roast at 400\u00b0F for approximately 30 minute.",
            "The tomatoes should be shriveled and the garlic tender.",
            "Cook pasta in a pot of salted boiling water while tomatoes and garlic are cooking.",
            "Drain and return pasta to pot.",
            "Add garlic tomato mixture and parsley, tossing to coat.",
            "Serve with sprinkle freshly grated Parmesan cheese.",
            "If you don't have any fresh Parmesan try other sharp hard cheeses such as Romano or Asiago."
        ],
        "cooking_time": "40mins"
    },
    {
        "title": "Tomato Basil Soup",
        "ingredients": [
            "1 tablespoon olive oil",
            "1 medium sweet onion , chopped",
            "1 (14 1/2  ounce) can  ground peeled tomatoes",
            "5 cups    vegetable stock or 5   cups    chicken stock",
            " salt & freshly ground black pepper (use kosher salt--much better!)",
            "1/2 cup   loosely packed fresh basil , thinly sliced",
            "2 cloves garlic (crushed)"
        ],
        "directions": [
            "Heat the olive oil in a large soup pot over medium high heat.",
            "Add the onion and garlic and cook, stirring often, until softened, about 10 minutes -- be careful not to burn garlic.",
            "Add the tomatoes and the stock.",
            "Bring to a boil and then reduce to a simmer.",
            "Cook until soup is slightly thickened, about 20 minutes.",
            "Season with salt and pepper.",
            "Stir in the basil.",
            "Place the pot of soup directly in sink, and using a stick blender, blend until smooth.",
            "Serve immediately."
        ],
        "cooking_time": "45mins"
    },
    {
        "title": "Beef, Macaroni and Tomato Casserole",
        "ingredients": [
            "1 lb lean ground beef",
            "5 -6 garlic cloves , minced",
            "1 teaspoon dried oregano",
            "1 teaspoon dried basil",
            "1 onion , chopped",
            "1 green bell pepper , chopped",
            "1/2 teaspoon salt",
            "1/4 teaspoon black pepper",
            "1 (14   ounce) can diced tomatoes , undrained",
            "1 (8   ounce) can tomato sauce",
            "8 ounces   uncooked elbow macaroni or 8   ounces bow tie pasta",
            "8 ounces   shredded mozzarella cheese",
            "1/4 cup parmesan cheese"
        ],
        "directions": [
            "Cook noodles until al dente, 8-10 minutes, and drain.",
            "Preheat oven to 350\u00b0F.",
            "Cook ground beef with garlic, oregano, basil, onion, green pepper, and salt and pepper until beef is browned, cooked through, and veggies are tender.",
            "Drain any fat.",
            "Add tomatoes and tomato sauce to beef mixture, then simmer 5-10 minutes.",
            "Mix beef mixture with cooked macaroni and place in a 9x13-inch casserole dish or lasagna pan.",
            "Top casserole with mozzarella and Parmesan cheeses.",
            "Bake at 350F for 20 minutes, or until cheese is melted and casserole is bubbly."
        ],
        "cooking_time": "55mins"
    },
    {
        "title": "Cherry Tomato Salad",
        "ingredients": [
            "1/3 cup mayonnaise",
            "2 teaspoons red wine vinegar",
            "1 teaspoon Dijon mustard",
            "1 pint cherry tomatoes , halved  (I usually use grape tomatoes)",
            "1/4 cup   finely chopped red onion",
            "2 tablespoons   chopped fresh parsley",
            " salt and pepper, to taste"
        ],
        "directions": [
            "Whisk mayonnaise, vinegar and mustard together.",
            "Add tomatoes, onions and parsley.",
            "Toss well and season to taste."
        ],
        "cooking_time": "5mins"
    },
    {
        "title": "Caprese Salad Tomatoes (Italian Marinated Tomatoes)",
        "ingredients": [
            "5 roma tomatoes (washed and sliced thin or thick to your preference)",
            "1 -2 garlic clove , minced  (use fresh!)",
            "1/4 cup extra virgin olive oil (or a little less)",
            "1 teaspoon salt",
            "1 teaspoon dried basil (not both!) or 1   teaspoon oregano (not both!)",
            "1 lemon, juice of"
        ],
        "directions": [
            "Mix all ingredients together and set on counter stirring occasionally.",
            "The salt will bring out the juice of the tomatoes.",
            "Taste and add more seasonings to your personal taste.",
            "You can use fresh basil or oregano if preferred, just remember to chopped finely and use a little less than dried.",
            "USES: Serve with almost any meal as a side.",
            "On top of a green salad (no dressing necessary!).",
            "Use as a topping for bruschetta--just chop tomatoes instead of slicing.",
            "Use for caprese salad--add sliced buffalo mozzarella and you're done.",
            "have some leftover juice: place some sliced chicken breasts and marinate over night, then carefully remove the chicken and quickly saut\u00e9 them until done.  Add remaining juice and tomatoes, boil for 1-2 minutes and then add cooked penne pasta, toss, and simmer for 5-6 minutes.",
            "JUICE USES: **you can reuse the \"marinade\" with new tomatoes.  Just add some more sliced tomatoes to the juice and let sit for about 20 minutes.",
            "OR use the juice and marinate boneless chicken breast overnight in refrigerator, grill and serve or slice chicken and top a Caesar salad with it."
        ],
        "cooking_time": "10mins"
    },
    {
        "title": "Saucy Italian Chicken & Tomatoes",
        "ingredients": [
            "8 large chicken breast halves",
            "4 large tomatoes , quartered",
            "1 (8   ounce) package fresh mushrooms",
            "1 (8   ounce) bottle   Italian dressing",
            "1 (1 1/4  ounce) package   Lipton Onion Soup Mix",
            "1/2 teaspoon oregano leaves , crushed",
            "1 bay leaf"
        ],
        "directions": [
            "Place chicken, tomatoes and mushrooms in a 9x13 inch baking dish.",
            "Combine dressing, soup mix, oregano and bay leaves.",
            "Pour sauce over chicken and vegetables and bake 1-1 1/4 hours at 350\u00b0F."
        ],
        "cooking_time": "1hr 30mins"
    },
    {
        "title": "Oven Roasted Tomato Sauce",
        "ingredients": [
            "2 lbs   large tomatoes",
            "4 garlic cloves , minced",
            "1 teaspoon    dried Italian herb seasoning",
            "1/2 teaspoon sugar",
            "1 teaspoon salt",
            "1/2 teaspoon black pepper",
            "2 tablespoons olive oil"
        ],
        "directions": [
            "Preheat the oven 400\u00b0f.",
            "Slice tomatoes in half, set aside.",
            "Pour the olive oil onto a large baking sheet and spread it around the sheet.",
            "Sprinkle evenly the garlic, herbs, sugar, salt and pepper over the oil.",
            "Place the tomatoes cut side down onto the baking sheet.",
            "Roast for about 30-40 minutes, or until the skins start to lift from the tomatoes.",
            "Allow to cool.",
            "Remove the skins and put the sauce into a large bowl and break up the flesh with a fork.",
            "Reheat sauce if using immediately."
        ],
        "cooking_time": "2hrs 20mins"
    },
    {
        "title": "Yemista (Greek Stuffed Tomatoes and Peppers)",
        "ingredients": [
            "5 medium   perfectly-ripe yummy tomatoes",
            "5 medium green peppers",
            "3/4 cup olive oil",
            "13 tablespoons    uncooked rice (really just a 'heaping' tablespoon per vegetable to be stuffed)",
            "1 large onion , chopped fine  (about 1 1/2 cups)",
            "3 garlic cloves , minced very fine",
            "1/4 cup fresh spearmint , minced  (1 1/2 tblsps dried, crumbled)",
            "1/2 cup parsley , minced",
            "1/2 cup pine nuts or 1/2  cup    slivered almonds",
            "1/2 1/2  cup    kefalograviera cheese or 1/2  cup parmesan cheese , cut into tiny cubes",
            "1/2 cup sultana raisin",
            "1 teaspoon salt",
            "1/2 teaspoon pepper",
            "11/2 cups water",
            "1/2 cup olive oil",
            "1 tablespoon tomato paste",
            " salt and pepper"
        ],
        "directions": [
            "Cut off tops of tomatoes (retain tops) and carefully scoop out flesh (retain this as well).",
            "Cut off tops of peppers (retain tops) and remove seeds and membrane.",
            "Place tomatoes and peppers in a pan large enough to hold them comfortably and give each veg a tiny dash of sugar with the tips of your fingertips (I really think this is important!).",
            "Take tomato flesh and process it until pureed.",
            "Add olive oil, rice, onion, garlic, mint, parsley, nuts, cheese, sultanas, 1 teaspoon of salt and 1/2 teaspoon of pepper (or season to taste).",
            "Stuff the vegetables evenly with this mixture.",
            "Replace tops of tomatoes and peppers.",
            "Combine 1 cup of water and 1/2 cup olive oil with a scant tablespoonful of tomato paste and a little salt and pepper and pour this around the veg.",
            "Bake in a preheated 375F oven (180C) for approx 1 3/4 hours (vegetables should pierce easily and be slightly blackened in parts).",
            "Turn off oven and leave in for another hour to'mellow' before serving.",
            "This is best served slightly warm or at room temperature.",
            "It is wonderful eaten along with little bites of feta cheese and a cool glass of white or rose.",
            "It will also have yummy juices begging to be mopped up with bits of crusty bread.",
            "In my version, I also take 3-4 medium-sized potatoes, cut them into big wedges, toss in a little olive oil with salt and pepper to taste, and'plant' in the spaces amidst the vegetables.",
            "That way you can have a couple of wedges of potato too."
        ],
        "cooking_time": "2hrs 45mins"
    },
    {
        "title": "Chickpea and Fresh Tomato Toss",
        "ingredients": [
            "1 (19   ounce) can chickpeas",
            "1 large tomatoes , chopped",
            "3 whole green onions , thinly sliced",
            "2 tablespoons    vegetable oil",
            "1 tablespoon lemon juice",
            "1 teaspoon ground cumin",
            "1/2 teaspoon chili powder",
            "1/4 teaspoon salt"
        ],
        "directions": [
            "Rinse and drain chickpeas.",
            "Place them in a bowl.",
            "Add the tomatoes and onions.",
            "Whisk remaining ingredients together.",
            "Toss with chickpea mixture until coated.",
            "Serve right away or refrigerate for up to 2 days."
        ],
        "cooking_time": "10mins"
    },
    {
        "title": "The Simplest Tomato Sauce Ever  (Marcella Hazan)",
        "ingredients": [
            "2 cups canned plum tomatoes (whole, peeled, chopped, with their juices about one 28-oz. can)",
            "5 tablespoons unsalted butter",
            "1 medium yellow onion , peeled and cut in half",
            " salt , to taste"
        ],
        "directions": [
            "Combine the tomatoes, their juices, the butter, and the onion halves in a medium saucepan.",
            "Add a pinch or two of salt. Place over medium heat and bring to a simmer. Cook, uncovered, at a very slow but steady simmer, adjusting the heat as necessary, for about 45 minutes, or until droplets of fat float free from the tomato.",
            "Stir occasionally, mashing any large pieces of tomato with the back of a wooden spoon. Taste and salt as needed.",
            "Discard the onion."
        ],
        "cooking_time": "50mins"
    },
    {
        "title": "Penne With Spicy Vodka Tomato Cream Sauce",
        "ingredients": [
            "1 lb   uncooked penne pasta",
            "2 tablespoons extra virgin olive oil",
            "4 garlic cloves , minced",
            "1/2 teaspoon crushed red pepper flakes (or to taste)",
            "1 (28   ounce) can crushed tomatoes",
            "3/4 teaspoon salt",
            "2 tablespoons vodka",
            "1/2 cup heavy whipping cream",
            "1/4 cup   chopped fresh parsley",
            "1/2- 1 lb    sweet Italian sausage"
        ],
        "directions": [
            "Bring a large pot of lightly salted water to a boil.  Add pasta and cook for 8 to 10 minutes or until al dente, drain.",
            "In large skillet, heat oil over moderate heat. Add sausage, breaking up the meat, until brown.  Add garlic and red pepper and cook, stirring until garlic is golden brown.",
            "Add tomatoes and salt; bring to boil.  Reduce heat and simmer 15 minutes.",
            "Add vodka and cream and bring to boil.  Reduce heat to low and add pasta, toss for 1 minute.  Stir in fresh parsley and serve,."
        ],
        "cooking_time": "30mins"
    },
    {
        "title": "Iron Mike's Sweet Tomato Pizza Sauce - the Spirit of Cincinnati",
        "ingredients": [
            "2 tablespoons olive oil",
            "1 (28   ounce) can tomato puree",
            "1 teaspoon    dried onion, minced or chopped",
            "1/2 teaspoon dried basil",
            "1/2 teaspoon dried oregano",
            "1/2 teaspoon dried thyme",
            "1/4 teaspoon dried parsley",
            "1/4 teaspoon salt",
            "3 cloves fresh minced garlic",
            "1/2 tablespoon   minced carrot",
            "11/2 tablespoons honey",
            "2 tablespoons brown sugar",
            " fresh ground pepper , to taste"
        ],
        "directions": [
            "In a large pot, heat oil over medium heat.",
            "Add the Tomato Puree; watch out for splatterage!",
            "Add everything else and simmer uncovered on low, stirring frequently, for 30-60 minutes, until desired consistency.",
            "Freeze leftover sauce until ready to use; When using on pizza dough, thaw to room temperature; Thaws nicely in the microwave.",
            "Don't use too much pepper.",
            "You can mince a baby carrot in the garlic press after microwaving it for 5-10 seconds- just cut it in half before putting it through the press- and that equals about 1/2 Tablespoon.",
            "Either Light or Dark Brown Sugar is fine, but the dark brown sugar makes the sauce DEEP red- almost maroon.",
            "If you want the sauce even sweeter, just add more Honey next time."
        ],
        "cooking_time": "30mins"
    },
    {
        "title": "Fried Green Tomatoes",
        "ingredients": [
            "1 cup   stone-ground cornmeal",
            "1 cup all-purpose flour",
            "1 tablespoon garlic powder",
            "1 pinch cayenne",
            "11/2 cups buttermilk",
            " kosher salt",
            " fresh ground black pepper",
            "4 large   unripe tomatoes , cut into 1/2 inch thick slices,ends removed",
            "1/2 cup    vegetable oil",
            "1 tablespoon unsalted butter",
            " hot pepper sauce, for serving",
            " lemon wedge , for serving"
        ],
        "directions": [
            "In a large bowl, combine the cornmeal, flour, garlic powder, and cayenne together.",
            "Pour the buttermilk into a separate bowl and season with salt and pepper.",
            "Dip the tomatoes in the buttermilk and then dredge them in the cornmeal mixture, coating both sides well.",
            "Place a large cast iron skillet over medium heat and coat with the oil.",
            "When the oil is hot, pan-fry the tomatoes (in batches if necessary) until golden brown and crispy on both sides, about 3 to 4 minutes on each side.",
            "Carefully remove the tomatoes and drain on paper towels.",
            "Serve with hot pepper sauce and lemon."
        ],
        "cooking_time": "25mins"
    },
    {
        "title": "Zucchini Tomato Casserole",
        "ingredients": [
            "1 lb zucchini , 1/4-inch slices",
            "3 tomatoes , thinly sliced",
            "1 onion , thinly sliced",
            " parmesan cheese",
            " salt and pepper"
        ],
        "directions": [
            "Preheat oven to 350 degrees.",
            "In a large pan, boil sliced zucchini until tender (about 8 minutes); drain.",
            "Butter a 9x13-inch casserole dish.",
            "Cover the bottom of the casserole dish with sliced tomatoes.",
            "Layer zucchini and onions.",
            "Season with salt and pepper.",
            "Sprinkle with parmesan cheese.",
            "Repeat layers.",
            "Top off the casserole with lots of parmesan cheese.",
            "Bake uncovered for 45 minutes."
        ],
        "cooking_time": "1hr 5mins"
    },
    {
        "title": "Fresh Mozzarella, Tomato, and Basil Couscous Salad",
        "ingredients": [
            "2 cups   diced tomatoes",
            "3/4 cup   diced fresh mozzarella cheese (about 3 ounces)",
            "3 tablespoons   minced shallots",
            "2 teaspoons extra virgin olive oil",
            "1/4 teaspoon lemon juice (white balsamic or champagne vinegar okay) or 1/4  teaspoon    balsamic vinegar (white balsamic or champagne vinegar okay)",
            "1/2 teaspoon salt , to taste",
            "1/4 teaspoon fresh ground black pepper or 1/4  teaspoon   tricolor pepper , to taste",
            "1 garlic clove , crushed and minced",
            "11/4 cups water",
            "1 cup   uncooked couscous",
            "1/4 cup   chopped fresh basil",
            " basil leaves , for garnish  (optional)"
        ],
        "directions": [
            "In a large bowl combine the tomato, mozzarella, shallots, olive oil, lemon juice, salt, pepper, and garlic, toss well then refrigerate, covered, to marinate for 30 minutes.",
            "In a saucepan bring the water to a boil and gradually stir in the couscous; remove from the stove, cover, and set aside for 5 minutes.",
            "With a fork, fluff the couscous then let cool.",
            "Add the cooled couscous and chopped basil to the tomato mixture in the bowl and toss.",
            "Garnish with whole basil leaves and serve.",
            "Note:  part-skim mozzarella cheese can be substituted."
        ],
        "cooking_time": "45mins"
    },
    {
        "title": "Persian Tomato and Cucumber Salad (Salad Shiraz)",
        "ingredients": [
            "1 large cucumber",
            "1 large tomatoes",
            "1 large onion",
            " parsley",
            " salt",
            "1/4 cup lemon juice (can be adjusted to your taste)",
            "1 -2 tablespoon olive oil"
        ],
        "directions": [
            "Chop all the vegetables (tomato, cucumber and onion) finely.",
            "Mix chopped vegetables with parsley, lemon juice and olive oil.",
            "Salt to taste."
        ],
        "cooking_time": "20mins"
    },
    {
        "title": "Gnocchi & Tomato Bake (With Freezing Instructions)",
        "ingredients": [
            "1 tablespoon olive oil",
            "1 onion , chopped",
            "1 red pepper, deseeded and finely chopped",
            "1 garlic clove , crushed",
            "1 (14   ounce) can chopped tomatoes",
            "171/2 ounces    gnocchi",
            "1/2 cup fresh basil , torn",
            "41/2 ounces fresh mozzarella cheese , torn into chunks"
        ],
        "directions": [
            "Heat grill / broiler to high.",
            "Heat the oil in a large frying pan, then soften the onion and pepper for 5 minutes.",
            "Stir in the garlic, fry for 1 minute, tip in the tomatoes and gnocchi, then bring to simmer.",
            "Bubble for 10  to 15 minutes, stirring occasionally, until gnocchi is soft and the sauce has thickened.",
            "Season, stir through the basil, then transfer to a large ovenproof dish.",
            "Scatter with the mozzarella, then grill / broil for 5 to 6 minutes until the cheese is bubbling and golden.",
            "This dish can be frozen for up to a month. Just defrost and bake in a medium oven for 20 - 30 minutes until piping hot."
        ],
        "cooking_time": "30mins"
    },
    {
        "title": "Fresh Tomato & Mozzarella Salad",
        "ingredients": [
            "3 medium tomatoes",
            "1/2 lb fresh mozzarella cheese (if all you can find is the tub, make sure to pat it real dry)",
            "1/2 cup   torn basil leaves",
            "3 tablespoons olive oil",
            "4 teaspoons    balsamic vinegar",
            " kosher salt or sea salt , to taste"
        ],
        "directions": [
            "Cut up the tomatoes and mozzarella into large cubes.",
            "Add basil leaves and drizzle w/ vinegar and olive oil.",
            "Stir lightly.",
            "Sprinkle with a little salt.",
            "Chill at least one hour.",
            "Store in refrigerator."
        ],
        "cooking_time": "15mins"
    },
    {
        "title": "Lentils, garlic and tomatoes",
        "ingredients": [
            "4 teaspoons olive oil",
            "5 cloves garlic , minced",
            "1/2 lb tomatoes , peeled and minced",
            "1 cup dried lentils , picked over,washed and drained",
            "1 teaspoon salt",
            "1 teaspoon lemon juice"
        ],
        "directions": [
            "Heat the oil in a large 2 quart pot over medium heat.",
            "Add garlic and cook until JUST turning golden.",
            "Add tomatoes and cook down to thick, around 8 minutes.",
            "Add lentils and 2 1/2 cups water.",
            "Bring to a boil, cover and reduce heat.",
            "Simmer 30 minutes.",
            "Add the salt and lemon juice.",
            "Mix well."
        ],
        "cooking_time": "50mins"
    },
    {
        "title": "Roasted Tomato Salad",
        "ingredients": [
            "12 large   nice sweet tomatoes",
            "12 leaves basil",
            "2 cloves garlic , finely chopped",
            "2 tablespoons olive oil",
            " salt & freshly ground black pepper",
            " ",
            "2 tablespoons olive oil",
            "2 tablespoons    balsamic vinegar",
            " ",
            " more fresh basil leaf",
            " black olives , both to personal taste"
        ],
        "directions": [
            "Preheat the oven to 400 degrees F.",
            "Skin the tomatoes, cut a cross at the bottom, pour boiling water over them, leave for up to a minute, drain and slip off their skins.",
            "Cut them in half and place them, cut side up, in an oiled, approx 16x12 inches, roasting tin.",
            "Season with salt and pepper, sprinkle evenly over them the garlic and the olive oil.",
            "Tear the basil leaves in half and put them on the tomatoes, flipping them over so they get some oil.",
            "Place the tomatoes in the oven and roast them for 45 minutes to an hour depending on your oven (the edges should be slightly blackened) Remove from the oven and cool.",
            "To serve, transfer them to induvidual or a large serving plate (with their juices) whisk together the oil and the vinegar, drizzle over the tomatoes.",
            "Have some nice crusty bread on the side.",
            "Scatter over more basil and the black olives."
        ],
        "cooking_time": "1hr 20mins"
    },
    {
        "title": "Tomato Soup",
        "ingredients": [
            "2 tablespoons olive oil (a drizzle too)",
            "1 small onion , chopped  (don't have to be exact here)",
            "1 garlic clove , minced",
            "1 bay leaf",
            "1 (28   ounce) can canned tomatoes",
            "1 slice    bread, crusts removed  (any kind)",
            "1 cup vegetable broth or 1   cup chicken broth",
            "1/8 teaspoon sea salt",
            "1/8 teaspoon ground black pepper",
            "1/4 teaspoon    italian seasoning or 1/4  teaspoon oregano",
            " ",
            "3 tablespoons   chopped fresh chives",
            "1 teaspoon red pepper flakes (optional)"
        ],
        "directions": [
            "Heat 2 tablespoons oil in a soup pot, warmed over medium-high heat.",
            "Add onion, bay leaf, and garlic.",
            "Soften vegetables for 3 minutes.",
            "Add tomatoes and their juice, and broth.",
            "Mash up tomatoes with spoon of potato masher.",
            "Stir in torn bread.",
            "Add the Italian seasoning or oregano.",
            "Bring to just below a boil, reduce heat to med/low and cook till warmed, (not boiling).",
            "Add salt and pepper to taste.",
            "Remove bay leaf.",
            "Carefully scoop 3/4 cup tomato mixer out and run through a blender for a couple of seconds until mixed. Put pulsed tomato mixture in a bowl until all the tomato mixture is pulsed. (or use a hand mixer in pot).",
            "Warm again to piping hot in soup pot, dish into a cup to carry around with you, or in a soup bowl. Add toppings as desired. Drizzle with oil as desired."
        ],
        "cooking_time": "30mins"
    },
    {
        "title": "Crustless tomato Quiche",
        "ingredients": [
            "1 cup   grated gruyere cheese",
            "1 small onion , thinly sliced",
            "2 plum tomatoes , thickly sliced",
            "1 tablespoon   chopped fresh basil or 1   teaspoon dried basil",
            "4 eggs",
            "1 cup 2% evaporated milk",
            "1/4 teaspoon salt",
            "1 pinch cayenne pepper"
        ],
        "directions": [
            "In bottom of lightly greased 9 inch quiche dish or pie plate, spread cheese.",
            "Layer onion, then tomato slices over cheese.",
            "Sprinkle basil over tomatoes.",
            "Beat together eggs with milk, salt and pepper.",
            "Slowly pour egg mixture over tomatoes.",
            "Bake in preheated 350 degree oven for 35 to 40 minutes or until filling is just set in the centre."
        ],
        "cooking_time": "50mins"
    },
    {
        "title": "Spanish Rice Using Tomato Sauce",
        "ingredients": [
            "11/2 cups rice",
            "2 cups chicken broth or 2   cups vegetable broth",
            "1 cup tomato sauce",
            "3 minced garlic cloves",
            "1/4 cup   chopped onion",
            "2 tablespoons    oil"
        ],
        "directions": [
            "In medium saucepan, heat oil over medium heat.  Add in garlic and onion.  Saute 1-2 minutes until softened.",
            "Add in dry rice.  While stirring, cook for about 5 minutes until rice is golden brown.",
            "Slowly add in broth and tomato sauce into rice, not directly onto hot pan.  Stir; bring to boil.",
            "Turn heat to low and cover.  Let simmer for 20 minutes.",
            "Fluff with fork."
        ],
        "cooking_time": "30mins"
    },
    {
        "title": "Green Tomato Relish (Hot Dog Relish)",
        "ingredients": [
            "1 quart   chopped green tomato",
            "1 large sweet white onion , chopped",
            "1 large green pepper , chopped",
            "2 tablespoons canning salt",
            "1 cup sugar",
            "1 tablespoon prepared mustard",
            "1 teaspoon    celery salt",
            "4 whole cloves",
            "1 cup vinegar (5% acidity)"
        ],
        "directions": [
            "Combine tomatoes, onion, and pepper in large bowl.",
            "Sprinkle salt over vegetables, mix in,and let stand 1 hour.",
            "Drain vegetables.",
            "Combine drained vegetables, sugar, mustard, and celery salt in a large pot.",
            "Tie cloves in cheesecloth and add to mixture.",
            "Stir in vinegar and simmer for 20 minutes.",
            "Take out spice bag.",
            "Pack hot relish into hot jars.",
            "Leave 1/4 inch headspace.",
            "Place canning lids on jars.",
            "Process half pints for 10 minutes in hot water bath."
        ],
        "cooking_time": "1hr 50mins"
    },
    {
        "title": "BLT Bites (Stuffed Cherry Tomatoes)",
        "ingredients": [
            "20 cherry tomatoes",
            "1/2 lb bacon (cooked and crumbled)",
            "1/2 cup mayonnaise",
            "1/3 cup   chopped green onion",
            "3 tablespoons parmesan cheese",
            "2 tablespoons fresh parsley (snipped or dried)"
        ],
        "directions": [
            "Cut a thin slice off of each tomato top.",
            "Scoop out the insides and drain upside-down on a paper towel.",
            "In a small bowl combine all other ingredients.",
            "Spoon the mixture into the tomatoes.",
            "Chill and serve.",
            "Oh boy, are they good and pretty too!"
        ],
        "cooking_time": "20mins"
    },
    {
        "title": "Balsamic Marinated Tomato and Mozzarella Salad",
        "ingredients": [
            "1/4 cup olive oil",
            "1/4 cup    balsamic vinegar",
            "1/2 teaspoon salt",
            " black pepper",
            "1 clove   minced garlic",
            "3 tablespoons   chopped fresh basil",
            "1/4 cup onion , chopped",
            "11/2 cups mozzarella cheese , cubes",
            "1 pint grape tomatoes or 1   pint cherry tomatoes , halved"
        ],
        "directions": [
            "Mix together first five ingredients for dressing and toss in cheese and tomatoes.",
            "Chill until ready to serve."
        ],
        "cooking_time": "10mins"
    },
    {
        "title": "A Fun and Frolic Kind of Avocado, Bacon, and Tomato Wrap Yippee!",
        "ingredients": [
            "2 slices    cooked bacon or 2   slices   optional vegetarian bacon",
            "1 medium tomatoes , sliced",
            "1 green onion , sliced",
            "1 1   tablespoon monterey jack cheese (or any your prefer) or 1   tablespoon    brie cheese (or any your prefer)",
            "1 teaspoon sour cream (mayonnaise could be subed as well.)",
            " nice crispy lettuce (2 leaves)",
            "1 dash salt",
            "1 dash pepper",
            " avocado , sliced  (optional)",
            "1 dash Tabasco sauce (optional)"
        ],
        "directions": [
            "Cook bacon your preferred method. Could be in microwave, iron skillet, or baked.",
            "Warm tortilla's or pita in microwave for 10 seconds, or in oven wrapped in foil for 10 minutes at 350degrees.",
            "As tortilla's (or pitas) are warmed, spread sour cream, or mayonnaise thinly on inner part.",
            "Add cheese lightly.",
            "Add lettuce, tomato, bacon (blotted from excess grease), green onion, and avocado (if using) nicely and roll carefully.",
            "Add salt and pepper, and devour at one end.",
            "Make sure your shoes are off, and you have a candle lit. It makes this extra special.",
            "Try it and see."
        ],
        "cooking_time": "25mins"
    },
    {
        "title": "Tomato and  Artichoke Chicken Breasts",
        "ingredients": [
            "2 tablespoons all-purpose flour",
            "1/2 teaspoon salt",
            "1/4 teaspoon pepper",
            "4 boneless skinless chicken breast halves",
            "1 tablespoon    oil",
            "1 (14 1/2  ounce) can diced tomatoes with basil oregano and garlic",
            "1 (13 1/2  ounce) can artichoke hearts , sliced",
            "1/4 cup    balsamic vinegar",
            "1/2 cup parmesan cheese"
        ],
        "directions": [
            "Mix flour, salt and pepper in gallon-size plastic food bag.  Add chicken, close bag and shake to coat.",
            "Heat oil in large non-stick skillet.  Add chicken and, turning once, cook 8 - 10 minutes or until golden and barely pink in center.  Remove to a serving platter and cover to keep warm.",
            "In pan, add diced tomatoes, artichoke hearts and balsamic vinegar.  Bring to a simmer, cook 3 minutes to blend flavors.  Spoon on chicken, sprinkle with parmesan cheese and serve."
        ],
        "cooking_time": "30mins"
    },
    {
        "title": "Salsa Mexicana (Fresh Tomato and Chiles)",
        "ingredients": [
            "2 large tomatoes , chopped",
            "4 jalapenos, seeded and chopped",
            "2 small    white onions, chopped",
            "2 garlic cloves , peeled and minced",
            "18 sprigs cilantro , chopped",
            "1 teaspoon salt",
            "2 teaspoons lime juice or 2   teaspoons cider vinegar"
        ],
        "directions": [
            "Toss tomato, jalapeno, onion, garlic, and cilantro together.",
            "Add salt and lime juice (or cider vinegar).",
            "Stir, and let stand 30 minutes before serving."
        ],
        "cooking_time": "10mins"
    },
    {
        "title": "Egg & Tomato Sandwich",
        "ingredients": [
            "1 piece baguette , about 6-inch in length",
            "1 tablespoon mayonnaise",
            " fresh cracked black pepper , to taste",
            "1 medium tomatoes , sliced",
            "1 -2 egg , hard-boiled and sliced"
        ],
        "directions": [
            "Slice the baguette open length-wise.",
            "Spread with mayo and sprinkle with the black pepper.",
            "Layer the sliced tomato and eggs on top.",
            "Replace top of baguette and enjoy!"
        ],
        "cooking_time": "15mins"
    },
    {
        "title": "Noodles and Tomatoes",
        "ingredients": [
            "2 cups   prepared pasta (I prefer egg noodles or elbows)",
            "1 (14   ounce) can crushed tomatoes (you can use whole tomatoes as well and just moosh them up)",
            "2 -3 tablespoons butter",
            " salt",
            " pepper"
        ],
        "directions": [
            "Prepare the pasta according to pacakge directions and drain well.",
            "While the pasta is draining, melt the butter in the pasta pot.",
            "Add the pasta back to the pot, mix well.",
            "Add the crushed tomatoes, mix well and serve."
        ],
        "cooking_time": "13mins"
    },
    {
        "title": "Black Beans and Tomatoes - Hot and Spicy",
        "ingredients": [
            " vegetable oil cooking spray",
            "1 teaspoon olive oil",
            "3 garlic cloves , smashed",
            "2 (14 1/2  ounce) cans whole tomatoes , drained and coarsely chopped",
            "2 (15   ounce) cans black beans , drained",
            "1/2 teaspoon cayenne pepper",
            "1/4 cup   minced fresh cilantro"
        ],
        "directions": [
            "Coat a large nonstick skillet with veggie spray.",
            "add olive oil, and place over medium high heat until hot.",
            "Add garlic, saut\u00e9 until tender.",
            "Add chopped tomatoes, reduce heat and cook uncovered 6 minutes or until mixture is slightly thickened.",
            "Stir in beans, cayenne pepper and cilantro, cover and cook 5 minutes or until thoroughly heated.",
            "Garnish with fresh cilantro if desired."
        ],
        "cooking_time": "21mins"
    },
    {
        "title": "10 Minute Tomato Sauce from America's Test Kitchen",
        "ingredients": [
            "1/4 cup onion , grated",
            "2 tablespoons butter",
            "1/4 teaspoon dried oregano",
            "1/2 teaspoon salt",
            "2 garlic cloves , crushed",
            "1 (28   ounce) can crushed tomatoes",
            "1/4 teaspoon sugar",
            "1 tablespoon olive oil",
            "2 tablespoons fresh basil , chopped"
        ],
        "directions": [
            "Melt butter in saucepan over medium heat. Add 1/4 cup grated onion. Saute 2 minutes. Add oregano and 1/2 tsp salt. Cook with stirring 3 minutes until onions begin to brown. Add crushed garlic. Cook 30 seconds. Add crushed tomatoes and sugar. Turn heat to high and cook with stirring until simmering. Turn heat to medium low. Simmer 10 minutes. Remove from heat. Stir in olive oil and basil. Season with salt and pepper to taste. Serve over pasta."
        ],
        "cooking_time": "10mins"
    },
    {
        "title": "Asian Tomato Salad",
        "ingredients": [
            "3 -4 ripe tomatoes",
            "1/4 medium    white onion",
            "1 tablespoon rice vinegar",
            "1 -3 teaspoon honey (optional, I use 1 or none)",
            "1 pinch salt , be generous"
        ],
        "directions": [
            "You can skip this step if you have very thin skinned tomatoes. Insert a fork into the caps of the tomatoes and plunge tomatoes in boiling water for 5-6 seconds, then immediately run cold water over them, and remove the skin.",
            "Core the tomatoes and slice them into thin wedges.",
            "Chop the onion finely.",
            "Make the dressing by combining the vinegar and honey.",
            "Arrange tomatoes on a plate, sprinkle with chopped onion, sprinkle with salt and drizzle over dressing."
        ],
        "cooking_time": "5mins"
    },
    {
        "title": "Shawrbat 'adas Maa Banadoura (Lentil and Tomato Soup)",
        "ingredients": [
            "1 cup lentils , rinsed",
            "7 cups water",
            "1 tablespoon olive oil",
            "2 medium onions , chopped",
            "4 garlic cloves , crushed",
            "2 cups stewed tomatoes",
            "2 teaspoons salt",
            "1 teaspoon cumin",
            "1 teaspoon ground coriander",
            "1/2 teaspoon pepper",
            "1/8 teaspoon cayenne",
            "1/4 cup white rice , uncooked",
            "1/4 cup lemon juice"
        ],
        "directions": [
            "Place lentils and water in a saucepan and bring to boil. Cover and cook over medium heat for 25 minutes.",
            "In the meantime, in a frying pan, heat oil and saut\u00e9 onions and garlic until they turn golden brown. Stir in remaining ingredients, except lemon juice, and saut\u00e9 for another 5 minutes.",
            "Stir the frying pan contents into the lentils and bring to boil. Cover and cook over low heat for 20 minutes or until rice and lentils are well-cooked. Stir in lemon juice and serve hot."
        ],
        "cooking_time": "55mins"
    },
    {
        "title": "Chickpea, Avocado and Sun-Dried Tomato Salad",
        "ingredients": [
            "1 (15   ounce) can chickpeas",
            "1 -2 ripe avocado",
            "2 cups   shredded cabbage",
            "1/2 cup   pitted olive",
            "1/2 cup sun-dried tomato , chopped  (If preferred, you could soak the Sundried tomatoes in boiling water for about 5-10 minutes until sof)",
            "1 -2 spring onion , chopped",
            "1 -2 tablespoon fresh parsley , chopped",
            "1/2 cup   cold extra virgin olive oil",
            "1/2 teaspoon herb-seasoned salt"
        ],
        "directions": [
            "Place the cabbage, chickpeas, olives, Sundried tomatoes and avocado into a large bowl.",
            "Dressing----------.",
            "Blend spring onions, parsley, salt and olive oil.",
            "Pour over salad ingredients."
        ],
        "cooking_time": "5mins"
    },
    {
        "title": "Buttermilk Baked Tomatoes",
        "ingredients": [
            "4 medium tomatoes",
            "1/2 cup buttermilk",
            "1/4 cup parmesan cheese or 1/4  cup romano cheese , grated",
            " salt",
            " fresh ground black pepper"
        ],
        "directions": [
            "Cut tomatoes in half, seed, and place cut side up in broiler safe baking dish.",
            "Pour 1 tablespoon of buttermilk into each tomato half then sprinkle top of each with cheese, salt and pepper.",
            "Bake at 400 degrees Fahrenheit for 15 minutes; then place under broiler until lightly browned.",
            "You may add oregano, basil, tarragon, garlic, or rosemary for a flavor change."
        ],
        "cooking_time": "23mins"
    },
    {
        "title": "Ravioli with Prosciutto, Roma Tomato and Sage",
        "ingredients": [
            "2 lbs    meat ravioli or 2   lbs    cheese ravioli, fresh or frozen  (I use meat)",
            "4 tablespoons butter",
            "2 ounces prosciutto , chopped fine",
            "2 tablespoons fresh sage (do not use dried!)",
            "3 roma tomatoes , diced",
            "1/4 teaspoon   fresh ground black pepper (or to taste)",
            "1 cup heavy cream",
            "3 tablespoons   freshly grated romano cheese"
        ],
        "directions": [
            "Put a pot of salted water on to boil.",
            "Melt butter in a large skillet over medium to medium/high heat.",
            "Add prosciutto and let cook for 5 minutes.",
            "Add chopped roma tomatoes and cook for 4 more minutes.",
            "Add chopped sage and pepper.",
            "Add your ravioli to the boiling water.",
            "Add heavy cream to your tomato/prosciutto mixture and stir well.",
            "Bring just to a boil and lower heat to a high simmer.",
            "As ravioli begin to float, scoop them out of the pot and add to the skillet with the sauce mix.",
            "Add cheese and gently toss to coat.",
            "Serve with a green salad and garlic breadsticks."
        ],
        "cooking_time": "30mins"
    },
    {
        "title": "Bacon and Lettuce Stuffed Cherry Tomatoes",
        "ingredients": [
            "20 cherry tomatoes",
            "1/4 cup   chopped fresh chives or 1/4  cup green onion",
            "10 slices bacon , fried crisp and crumbled",
            "1/2 cup lettuce , very finely chopped",
            "3 tablespoons mayonnaise",
            " salt and pepper"
        ],
        "directions": [
            "Cut the top off the tomatoes, scoop out the seeds& pulp. Use the seeds & puld in some other recipe.",
            "Salt the inside of the tomato and put them upside down on a paper towel to drain for about15 minutes.",
            "Meanwhile combine the bacon, chives, lettuce and Mayo, season with salt and pepper (remember that you have already salted the inside of the tomatoes).",
            "Fill the tomatoes just before serving."
        ],
        "cooking_time": "15mins"
    },
    {
        "title": "Fresh Tomato and Corn Salad",
        "ingredients": [
            "2 large   fresh tomatoes (I like creole and beefsteak) or 2   lbs cherry tomatoes",
            "11/2 cups fresh corn or 1 1/2  cups frozen corn , blanched and drained",
            "8 fresh basil leaves",
            " balsamic vinegar",
            " extra virgin olive oil"
        ],
        "directions": [
            "Wash tomatoes and remove leaves, cut into bite sized pieces or slices Tear basil leaves into small pieces Combine basil, tomato and corn in a bowl Drizzle with balsamic vinegar and good olive oil, to taste.",
            "Stir.",
            "Let chill for 1 hour for flavor mix, or serve immediately for freshest presentation.",
            "Stir before serving."
        ],
        "cooking_time": "15mins"
    },
    {
        "title": "Tomato Relish, Aussie Style",
        "ingredients": [
            "11/2 kg   ripe tomatoes (peeled and chopped)",
            "500 g    brown onions (peeled and chopped)",
            "2 tablespoons salt",
            "2 cups sugar",
            "3 teaspoons curry powder",
            "1/4 teaspoon chili powder",
            "1 tablespoon dry mustard",
            "2 cups malt vinegar"
        ],
        "directions": [
            "skin tomatoes, cut in cubes, place in bowl.",
            "Peel onions, chop finely, place in separate bowl. Sprinkle each with one tablespoon salt and leave overnight.",
            "Next day place tomatoes , and the onions together in a saucepan.and their liquid.",
            "Add sugar, stir over low heat until sugar has dissolved, increase heat, bring to boil, boil,  5 minutes",
            "Combine curry, chilli and mustard, mix to smooth paste with a little vinegar, add remaining vinegar, add to saucepan and stir to combine thoroughly. Bring to boil and boil uncovered for 50 to 60 minutes, or until thick.",
            "If necessary, (and it probably is  ) thicken with 3 tablespoons of cornflour mixed with a little vinegar.",
            "Pour into hot sterilized jars and seal."
        ],
        "cooking_time": "2hrs 30mins"
    },
    {
        "title": "German Tomato Salad",
        "ingredients": [
            "2 tomatoes , sliced",
            "1 onion , sliced",
            " olive oil",
            " vinegar",
            " salt and pepper"
        ],
        "directions": [
            "Slice tomatoes and onions.",
            "Add olive oil and vinegar to make a sauce.",
            "Add salt and pepper.",
            "Put in fridge until ready to serve.",
            "This recipe is from a very well known real chef."
        ],
        "cooking_time": "20mins"
    },
    {
        "title": "Scrambled Eggs With Fines Herbes and Tomatoes",
        "ingredients": [
            "12 large eggs",
            "3 tablespoons fresh herbs , finely chopped  (I used parsley, tarragon and chives)",
            "1 teaspoon salt",
            "1/2 teaspoon fresh ground black pepper",
            "3 tablespoons creme fraiche (or heavy creme)",
            "2 tablespoons Dijon mustard",
            "2 tablespoons butter",
            "3 tomatoes , peeled, seeded, diced, and drained  (home grown are best)"
        ],
        "directions": [
            "Break the eggs into a large mixing bowl, reserving 2 yolks in a smaller separate bowl.  Add the herbs (reserving a little for garnishing), salt and pepper to the large bowl of eggs.  Mix with a whisk.",
            "In the smaller bowl of egg yolks, whisk in the mustard and creme fraiche. Mix well.",
            "Melt the butter in a large skillet.  When melted, add the large bowl of eggs and cook, stirring constantly, until creamy and just barely thickened.",
            "Add the yolk mixture and the tomatoes to the skillet.  Stir once or twice to incorporate, and remove from the heat.  They will continue to cook off the heat.",
            "Prepare the plate, serve the eggs garnished with some of the herbs."
        ],
        "cooking_time": "10mins"
    },
    {
        "title": "Baked Macaroni Tomatoes & Cheese",
        "ingredients": [
            "3 cups macaroni",
            "2 eggs , plus",
            "1/2 cup milk",
            "1 (28   ounce) can stewed tomatoes",
            "1 can    tomato soup",
            "1 cup   shredded cheddar cheese",
            "1/4 cup    fresh breadcrumb"
        ],
        "directions": [
            "Cook pasta til tender but firm, drain& return to pot.",
            "Beat eggs with milk& add to macaroni; cook over low heat, stirring until no liquid remains& macaroni is cooked (about 3 mins).",
            "Remove from heat& stir in tomatoes, breaking up with back of spoon, and soup.",
            "Spoon \u00bd of mixture into greased casserole dish& sprinkle with \u00bd of cheese.",
            "Top with remaining macaroni mixture& sprinkle with bread crumbs.",
            "Bake, uncovered, at 375F for 25 minutes, sprinkle with remaining cheese& bake until melted."
        ],
        "cooking_time": "45mins"
    },
    {
        "title": "Spaghetti with Tomatoes and Feta",
        "ingredients": [
            "2 teaspoons olive oil",
            "1 teaspoon dried oregano",
            "1 clove garlic , minced",
            "3 cups   diced tomatoes",
            "1/2 cup   sliced green onion",
            "1/4 cup   chopped fresh parsley , divided  (I usually subsitute dried parsley)",
            "2 tablespoons lemon juice",
            "8 ounces    thin spaghetti, cooked  (about 4 cups cooked)",
            "1 cup   crumbled feta cheese"
        ],
        "directions": [
            "Heat oil in a large nonstick skillet over medium high heat.",
            "Add oregano and garlic, and saute 30 seconds.",
            "Add tomato, green onions, 2 tablespoons parsley, and lemon juice; cook 2 minutes or until heated.",
            "Combine tomato mixture, spaghetti, and 3/4 cup cheese, toss gently.",
            "Top with remaining 1/4 cup cheese and 2 tablespoons parsley, and sprinkle with pepper, if desired.",
            "Serve at room temperature or store in a an airtight container in refrigerator."
        ],
        "cooking_time": "25mins"
    },
    {
        "title": "Rosemary Tomato Parmesan Bread",
        "ingredients": [
            "1/2 cup water",
            "1/4 cup milk",
            "2 tablespoons olive oil",
            "1 teaspoon sugar",
            "1 teaspoon salt",
            "1 tablespoon fresh rosemary , snipped into small pieces",
            "1/3 cup parmesan cheese , grated",
            "2 cups bread flour",
            "2 teaspoons    yeast",
            "1/4 cup   chopped sun-dried tomato"
        ],
        "directions": [
            "Add all ingredients except tomatoes to bread machine in the order listed, making a little indention in the flour for the yeast.",
            "Turn on machine (use white bread setting).",
            "If tomatoes are packed in oil, first blot them dry with a paper towel.",
            "Cut or snip tomatoes into small pieces-- but do not add them until after the first knead.",
            "If your machine has a fruit& nuts setting, add them when that beeper goes off."
        ],
        "cooking_time": "3hrs 40mins"
    }
]