[
    {
        "title": "Fresh Fig, Caramelized Onion and Goat Cheese Gourmet Pizza",
        "ingredients": [
            "1 lb   prepared pizza dough, room temperature  (I used Pizza Dough  Bread Machine for one pie)",
            "1 tablespoon olive oil",
            "1 small sweet onion , sliced",
            "4 -6 fresh figs , cut in half",
            "5 ounces    goat cheese (if you can get goat cheese with cranberries it fabulous)",
            "1 teaspoon   chopped fresh rosemary",
            "1/2 cup mozzarella cheese , shredded",
            " olive oil",
            " cornmeal"
        ],
        "directions": [
            "In a pan saute onions in oil till a caramel color, set aside to cool completely.",
            "Preheat oven to 450 degrees.",
            "Roll out dough on a floured surface to 1 inch thick. You can make it round or square all a matter of taste.",
            "Place on a pan that is dusted with corn meal.",
            "Spread a thin coat of olive oil on dough.",
            "Arrange goat cheese, figs cut side up, cooled onions around on crust.",
            "Top with mozzarella cheese and sprinkle with rosemary.",
            "Place in oven and bake for 15-20 minutes.",
            "If grilling preheat grill to medium high.",
            "Oil one side and place on a clean oiled grill and grill for 4-5 minutes.",
            "Flip and then lightly spread olive oil on dough.",
            "Arrange goat cheese, figs cut side up, cooled onions around on crust.",
            "Top with mozzarella cheese and sprinkle with rosemary.",
            "Cook a couple more minutes."
        ],
        "cooking_time": "50mins"
    },
    {
        "title": "Gourmet Pesto Pizza",
        "ingredients": [
            "20 ounces    whole wheat pizza dough (store-bought or home-made)",
            "1 tablespoon olive oil",
            "8 ounces    sliced mushrooms",
            "1 small onion , coarsely chopped",
            "1/8 cup sun-dried tomato packed in oil , drained",
            "2 ounces    herbed goat cheese",
            "2 cups   shredded part-skim mozzarella cheese (or your favorite pizza cheese)",
            "2 ounces   sliced black olives",
            "3 -4 ounces pesto sauce (store-bought or home-made)"
        ],
        "directions": [
            "If the pizza dough has been refrigerated, take it out and let it warm up a bit.",
            "Meanwhile, heat the olive oil in a large pan and then add the mushrooms and chopped onions.  Saute until soft.  Add the sun-dried tomatoes and cook for another minute or two.  If there is liquid remaining in the pain, drain it.",
            "Stretch out the pizza dough onto a lightly oiled pizza pan, or a pizza stone.",
            "spread the pesto sauce onto the dough  -- it's best of the pesto is a little less oily than usual: if I buy store-bought I let it separate a bit in the container and then avoid the oil rather than mixing it back inches.",
            "Top with the sauteed vegetables, then the shredded cheese.",
            "Add the black olives and small (1/2 inch cubes) chunks of the goat cheese.",
            "Bake according to the instructions on the dough or dough recipe (generally 450 degrees for about 10-12 minutes).",
            "Slice and enjoy!"
        ],
        "cooking_time": "35mins"
    },
    {
        "title": "Leftover BBQ Pulled Pork (Or Shredded Chicken) Pizza W/Pineapple",
        "ingredients": [
            "1 loaf   rhodes bread dough (thawed & risen, or pizza crust of your choice)",
            "1/3 cup barbecue sauce",
            "2 cups mozzarella cheese (shredded)",
            "1 cup pork (BBQ, pulled or shredded) or 1   cup chicken (BBQ, pulled or shredded)",
            "1/2 cup pineapple (chunked)",
            " hot pepper (pizza peppers) (optional)"
        ],
        "directions": [
            "Form dough into a ball, then roll into approximately a 13 inch long oval and place on a cookie sheet sprayed with non-stick cooking spray.",
            "Cover with plastic wrap and let rise for 30 minutes.",
            "Preheat oven to 425.",
            "Remove the plastic wrap and spread the BBQ sauce onto the dough, leaving approximately a 1/2 inch edge around the dough without sauce.",
            "Sprinkle the mozzarella cheese over the sauce, covering evenly.",
            "Top the cheese with the BBQ pork or chicken and pineapple.",
            "Bake for 12-15 minutes, or until the crust is golden brown.",
            "Let cool for 5 minutes, cut with pizza cutter, top with pizza peppers (optional) and enjoy."
        ],
        "cooking_time": "55mins"
    },
    {
        "title": "Double Cheese Pita Pizzas",
        "ingredients": [
            "1 tablespoon   extra-virgin olive oil",
            "4 ounces    Italian turkey sausage, removed from the casings",
            "2 garlic cloves , grated",
            "1 (10   ounce) package   frozen leaf spinach, thawed, squeezed dry and roughly chopped",
            "11/4 cups   2% percent cottage cheese",
            "4 whole wheat pita bread, preferably pocketless",
            "1/4 cup   thinly sliced red onion (about 1/2 small onion)",
            "4 ounces   shredded part-skim mozzarella cheese (about 1 cup)",
            "1/2 cup fresh basil leaf , torn"
        ],
        "directions": [
            "Preheat the oven to 400 degrees F.",
            "Heat 1 teaspoon of the oil in a medium nonstick skillet over medium heat. Add the sausage and cook, breaking up into small pieces with a wooden spoon, until no longer pink, about 5 minutes. Add the garlic and spinach and continue to cook until well mixed and the spinach is heated through, about 2 minutes. Remove from the heat.",
            "Put the cottage cheese in the bowl of a food processor and puree until smooth. Lay the pita breads on 2 baking sheets and evenly brush with the remaining 2 teaspoons oil. Evenly spread with the pureed cottage cheese to the edge of each pita and then top with the sausage mixture, red onions and shredded cheese.",
            "Bake until the pita is crisp around the edges and the cheese is melted, 12 to 15 minutes. Scatter with the basil."
        ],
        "cooking_time": "30mins"
    },
    {
        "title": "Ground Beef Pizza",
        "ingredients": [
            "1/2 lb lean ground beef",
            "1 small onion , chopped",
            "3 garlic cloves , minced",
            "1/2 teaspoon dried oregano",
            "1/4 teaspoon salt",
            "1/4 teaspoon fresh black pepper",
            "1 lb    pizza dough (for 1 pizza)",
            "1/4 cup    pizza sauce",
            "3/4 cup cheddar cheese , grated",
            "3/4 cup mozzarella cheese , grated"
        ],
        "directions": [
            "In a skillet, cook ground beef, onion, garlic, oregano, salt and pepper at medium-high heat, stirring from time to time, 3 to 5 minutes or until beef is no longer pink.  Drain any fat.  Set aside.",
            "On a lightly floured surface, lower the dough in a circle of 12 inches of diameter.  Put on a greased pizza plate.  Spread sauce on the pizza dough.  Garnish with beef preparation and sprinkle with cheddar and mozzarella cheeses.  Cook on the lowest grill in a preheated oven of 500 F for about 10 minutes or until cheese is bubbling and crust is golden and slighly inflated."
        ],
        "cooking_time": "25mins"
    },
    {
        "title": "General Tso's Chicken Pizza",
        "ingredients": [
            "1 lb   store bought pizza dough",
            "6 ounces    frozen chicken nuggets",
            "1/2 cup    stir-fry sauce (general tso's sauce)",
            "1 cup   shredded monterey jack cheese",
            "1 cup   shredded mozzarella cheese",
            "3 green onions",
            "1 tablespoon sesame seeds"
        ],
        "directions": [
            "Remove pizza dough from the refrigerator and allow to come to room temperature for at least 1 hour before cooking.",
            "Bake chicken nuggets according to package directions. Chop into bite sized pieces and toss with 1/4 cup general tso's sauce.",
            "Turn oven up to 500 degrees F.",
            "Stretch pizza dough to fit a 14x10 baking sheet.",
            "Spread remaining general tso's sauce onto the dough, leaving a 1/2 inch border.",
            "Top pizza with cheeses.",
            "Spread General Tso's Chicken evenly over the pizza. Sprinkle with sliced green onions, saving a few for the garnish.",
            "Bake pizza until cheese is melted and bubbly, and crust is well browned, about 10-12 minutes.",
            "Remove pizza from the oven and top with sesame seeds and remaining green onions. Allow to sit for 1-2 minutes before slicing."
        ],
        "cooking_time": "1hr 55mins"
    },
    {
        "title": "Grilled Breakfast Pizza",
        "ingredients": [
            "2 ounces turkey sausage , sliced",
            "1/4 cup    sliced mushrooms",
            "1 pizza crust, prebaked 6-inch",
            "1/2 cup bell pepper , red and green, sliced",
            "3 large eggs",
            "1/2 cup mozzarella cheese , shredded"
        ],
        "directions": [
            "Place pizza shell on medium-heat flat grill or grooved grill for 3 minutes on each side.",
            "Saut\u00e9 sausage and mushroom together.  Remove from pan and keep warm.",
            "While pizza shell is heating, place peppers in pan and cook for 1 minute.  Add eggs and scramble together.  Cook until eggs are almost set.",
            "Arrange cooked egg/pepper mixture on pizza shell; garnish with mushrooms and sausage.  Sprinkle with cheese and place under broiler for 1 minute."
        ],
        "cooking_time": "20mins"
    },
    {
        "title": "Thai Chicken Pizza",
        "ingredients": [
            "1 italian pizza dough (Boboli)",
            "31/2 tablespoons peanut butter",
            "2 tablespoons rice vinegar",
            "2 tablespoons soy sauce",
            "2 teaspoons    chili oil",
            "1 tablespoon ginger , minced",
            "2 teaspoons honey",
            "1/2 teaspoon    sesame oil",
            "2 tablespoons sesame seeds , toasted",
            "1/8 cup green onion , sliced thin",
            "1/2 lb chicken breast",
            " salt",
            " cayenne pepper",
            "2 tablespoons olive oil",
            "1/2 cup mozzarella cheese , shredded",
            "1/2 cup monterey jack cheese , shredded",
            "1 medium carrot , shredded",
            "1/4 cup cilantro , chopped"
        ],
        "directions": [
            "In food processor or blender, combine peanut butter, vinegar, soy sauce, chili oil, ginger, honey and sesame oil.",
            "Set aside.",
            "Season chicken to taste with salt and cayenne pepper (use sparingly).",
            "Saute in olive oil until done (about 6-8 minutes).",
            "Cut chicken into bite sized pieces and coat with 2 tablespoons of the peanut sauce.",
            "Spread peanut sauce over the surface of the Italian pizza crust.",
            "Scatter chicken pieces over top and sprinkle with sesame seeds and green onions.",
            "Sprinkle with 1/2 cup of mozzarella cheese and 1/2 cup of the Monterey jack cheese.",
            "Bake, uncovered in 400\u00b0F oven for 12 minutes.",
            "Remove from oven and sprinkle with shredded carrot and cilantro."
        ],
        "cooking_time": "27mins"
    },
    {
        "title": "Chocolate Pizza",
        "ingredients": [
            "1 lb   homemade pizza dough or 1   lb   purchased pizza dough",
            "2 teaspoons butter , melted",
            "1/4 cup    chocolate hazelnut spread (Nutella recommended)",
            "1/2 cup    semi-sweet chocolate chips",
            "2 tablespoons    milk chocolate chips",
            "2 tablespoons white chocolate chips",
            "2 tablespoons   chopped hazelnuts , toasted"
        ],
        "directions": [
            "Position the oven rack on the bottom of the oven and preheat to 450\u00b0F.",
            "Line a heavy large baking sheet with parchment paper.",
            "Roll out the dough to a 9-inch-diameter round.",
            "Transfer the dough to the prepared baking sheet.",
            "Using your fingers, make indentations all over the dough.",
            "Brush the dough with butter, then bake until the crust is crisp and pale golden brown, about 20 minutes.",
            "Immediately spread the chocolate-hazelnut spread over the pizza then sprinkle all the chocolate chips over.",
            "Bake just until the chocolate begins to melt, about 1 minute.",
            "Sprinkle the hazelnuts over the pizza.",
            "Cut into wedges and serve."
        ],
        "cooking_time": "40mins"
    },
    {
        "title": "Gourmet Cruisers' Vegetarian Pizza",
        "ingredients": [
            "1 pizza dough (Boboli or Pillsbury, etc.)",
            "1 (6   ounce) can tomato paste",
            "2 garlic cloves , minced",
            "11/2 cups mozzarella cheese , shredded",
            "2 cups    spinach leaves (fresh, or 1 cup defrosted frozen)",
            "1/2 cup mushroom",
            "1/2 cup tomatoes , chopped",
            "1/2 cup broccoli floret (small)",
            "1/2 cup bell pepper , chopped  (preferably yellow or orange)",
            "1/4 cup onion , chopped",
            "1/4 cup black olives , sliced",
            "1/4 cup sun-dried tomato , slivered",
            "1 tablespoon    italian seasoning",
            " salt and pepper, to taste"
        ],
        "directions": [
            "Preheat oven to 400 degrees Fahrenheit.",
            "Prepare pizza dough according to directions (if using a recipe) and cook for 10 minutes at 400 degrees (if desired, and omit this step entirely if using pre-cooked dough).",
            "Mix tomato paste with 1/4 cup water and add a bit more, a little at a time, until desired consistency is reached.  Add garlic and mix well.",
            "Spread tomato sauce evenly over dough, leaving a half inch or so for crust.",
            "Sprinkle toppings over pizza, more or less in order given.  (If you prefer to end with the cheese, that's okay too.).",
            "Sprinkle with seasonings.",
            "Bake at 400 degrees for 15-20 minutes.",
            "Slice and eat."
        ],
        "cooking_time": "50mins"
    },
    {
        "title": "Four Cheese White Broccoli Pizza (Easy)",
        "ingredients": [
            "4 tablespoons extra virgin olive oil",
            "1 lb    pizza dough",
            "1/4 cup   grated parmesan cheese",
            "3/4 lb provolone cheese , sliced  (mild)",
            "12 ounces broccoli florets (I use Broccoli Wokly whole 12 oz. bag steamed)",
            "1/3 cup ricotta cheese",
            "1/2 cup mozzarella cheese , shredded",
            " garlic powder",
            " salt",
            " oregano"
        ],
        "directions": [
            "Preheat oven to 425 degrees.",
            "Roll out dough. Coat pizza pan with the olive oil and spread out rolled dough evenly to all edges of pan. Sprinkle with grated parmesan cheese. Top with sliced provolone then place broccoli florets (already steamed per broccoli wokly package directions) on top of  provolone.  Using two teaspoons, spoon about 3/4 teaspoonful size spoonfuls of ricotta sporadically around the broccoli areas in empty spots.  Season whole pizza with salt, oregano & garlic powder to taste then sprinkle the shredded mozzarella evenly all over pizza.",
            "Bake for 12-18 minutes or until crust just golden brown. Slice & serve."
        ],
        "cooking_time": "22mins"
    },
    {
        "title": "Eggplant (Aubergine) Parmesan Pizza",
        "ingredients": [
            "1 lb eggplant , peeled and sliced",
            "1 egg white, lightly beaten",
            "1/2 cup    seasoned dry bread crumb",
            "1 Boboli pizza crust",
            "1 cup    pasta sauce",
            "1 cup mozzarella cheese , shredded",
            "1/4 cup parmesan cheese , grated"
        ],
        "directions": [
            "Preheat oven to 375\u00ba. Spray 1 large baking sheet w/ fat-free cooking spray.",
            "Dip eggplant slices into eggwhite, then breadcrumbs.",
            "Arrange on prepared baking sheet. Bake 15 minutes. Turn slices over. Bake 10 minutes longer or until browned on both sides. Remove from oven.",
            "Increase oven to 400\u00ba.",
            "Top pizza crust with pasta sauce, eggplant, and cheeses. Bake 10-15 minutes."
        ],
        "cooking_time": "50mins"
    },
    {
        "title": "Shrimp Scampi Pizza",
        "ingredients": [
            "2 tablespoons unsalted butter",
            "2 large garlic cloves , peeled and thinly sliced",
            "1 shallot , peeled, halved through the stem and thinly sliced",
            "1/4 cup dry white wine",
            "1/4 cup heavy cream",
            "1/4 teaspoon kosher salt , plus more for seasoning pizza",
            "1/8 teaspoon ground black pepper , plus more for seasoning pizza",
            "1/2 lb medium shrimp , peeled and deveined",
            "1/2 lb   fresh pizza dough",
            " cornmeal , for dusting pizza peel",
            "1/3 cup ricotta cheese",
            "1 cup   shredded mozzarella cheese",
            "1/4 cup   grated parmesan cheese",
            "1/2 teaspoon dried thyme",
            "1/4 cup   chopped chives (garnish)",
            "1/2 cup cherry tomatoes , halved  (garnish)"
        ],
        "directions": [
            "Preheat oven to 500 degrees with pizza stone on bottom rack.",
            "Melt butter in a large skillet over medium heat. Saute garlic and shallots until fragrant and softened, about 2-3 minutes. Stir in white wine, heavy cream, salt and pepper and bring to a boil. Reduce to a simmer and cook until about 2-3 tablespoons of liquid remain. Stir in shrimp and cook until just starting to look pink, about 1 minute. Remove from heat and set aside.",
            "Roll or stretch out the pizza dough into a 12-inch circle and place on a cornmeal dusted pizza peel. Top with shrimp, 5-6 dollops of ricotta cheese, mozzarella cheese, parmesan cheese, dried thyme and season with salt and pepper. Transfer pizza preheated pizza stone and bake until cheese is bubbling and crust is browned and crisp.",
            "Top with chives and tomatoes and cut into wedges to serve."
        ],
        "cooking_time": "25mins"
    },
    {
        "title": "Pizza Bouquet",
        "ingredients": [
            "1 (13 7/8  ounce) can   pizza dough (Pillsbury)",
            "1/2 cup    pizza sauce",
            "1/4 cup   finely grated parmesan cheese",
            "3/4 cup   shredded mozzarella cheese",
            "2 teaspoons    italian seasoning",
            "10 ounces   sliced pepperoni",
            "12 sprigs basil",
            "2 cups    marinara sauce, for dipping"
        ],
        "directions": [
            "Preheat oven to 400 degrees F. Unroll pizza dough onto work surface with the long side parallel to the edge of the counter. Cut into 12 equal strips, about 1 \u00bd-2 inches wide. Spread pizza sauce over dough, then sprinkle over parmesan cheese, mozzarella cheese and Italian seasoning.",
            "Working with one strip at a time, place 7-8 slices pepperoni down each strip of dough, overlapping slightly. The top of the pepperoni should stick out over the top of the dough. Roll the dough into a cylinder to look like a rose bud and transfer to a 12-well muffin tin with the pepperoni edge up.",
            "Bake for 15-20 minutes until golden and and crisp. To serve, place a skewer in the bottom of each pizza rose and tie together."
        ],
        "cooking_time": "30mins"
    },
    {
        "title": "Waffle Pizza - Gluten Free",
        "ingredients": [
            "1 frozen gluten-free waffle (I used Van's)",
            "2 -3 tablespoons    pizza sauce (I use WalMart Great Value Brand)",
            "6 pepperoni slices (I use Hormel Turkey Pepperoni, or other toppings of your choice)",
            "2 tablespoons mozzarella cheese"
        ],
        "directions": [
            "Toast waffles until browned and crisp.",
            "Heat broiler.",
            "Spread a large spoonful of pizza sauce on tops of waffles.",
            "Top with pepperoni or other toppings of your choice.",
            "Cover with mozzarella cheese.",
            "Broil until cheese melts and brown slightly on top."
        ],
        "cooking_time": "10mins"
    },
    {
        "title": "BBQ Chicken Pizza",
        "ingredients": [
            "1 prepared pizza crust (your own or purchased tube or crust)",
            "10 ounces chicken breasts , cooked and shredded",
            "1 tablespoon olive oil",
            "2 tablespoons barbecue sauce",
            "1/2 cup barbecue sauce",
            "1 cup gouda cheese",
            "1 cup mozzarella cheese",
            "1/4 small red onion , sliced into rings",
            "2 tablespoons cilantro"
        ],
        "directions": [
            "One hour before baking the pizzas, start preheating the oven at 500 degrees Coat chicken with 2 tablespoons barbecue sauce.",
            "Set aside in the refrigerator.",
            "Prepare dough into pizza shape.",
            "Precook if needed.",
            "Spread remainder of barbecue sauce over the surface of the dough.",
            "Spread cheese over the sauce.",
            "Spread chicken over the cheese.",
            "Place the onion rings over the chicken pieces.",
            "Place the pizza in the oven (on top of pizza stone if available or on pan).",
            "Bake until crust is crispy and cheese is bubbling (8-10 minutes).",
            "Remove pizzas from the oven and sprinkle each with 1/2 of the cilantro."
        ],
        "cooking_time": "25mins"
    },
    {
        "title": "Coconut Shrimp Pizza",
        "ingredients": [
            "1 (13 7/8  ounce) package   pizza dough",
            "4 tablespoons butter",
            "3 garlic cloves , chopped fine",
            "1/2 cup panko breadcrumbs",
            "1/2 cup sweetened flaked coconut",
            "2 eggs",
            "3/4 lb small shrimp , peeled and deveined",
            "2 cups canola oil",
            "12 ounces   shredded mozzarella cheese",
            "1 red fresno chile, sliced into thin rounds",
            "11/2 cups   diced pineapple",
            "1/2 red onion , sliced thin into 1/2 moons",
            "2 tablespoons   chopped scallions , green part only",
            " kosher salt",
            " ground black pepper"
        ],
        "directions": [
            "Baking sheet with parchment.",
            "Skillet.",
            "Wood Cutting board.",
            "Heat oven to 425 degrees F. Line a baking sheet with parchment paper. Unroll pizza dough and place on prepared baking sheet, stretching to make into a rectangle. In a small saucepan, melt butter over medium heat with garlic. Brush melted garlic butter on dough and bake for 8 minutes. Set aside.",
            "In a shallow dish, stir to combine panko, shredded coconut, 1/2 teaspoon salt and 1/8 teaspoon pepper. Place eggs in a separate shallow bowl or dish and beat with a whisk. Coat shrimp in egg then coat in panko and coconut. Place on a plate or tray.",
            "Heat canola oil in a medium skillet over medium heat. Cook shrimp until lightly golden, about 1-2 minutes per side. Drain cooked shrimp on a towel-lined plate.",
            "To prepare pizza, top crust with half of the shredded mozzarella, chilis, pineapple, red onion and coconut shrimp. Sprinkle over remaining cheese and bake until crust is golden and cheese is melted, about 6-10 minutes.",
            "Transfer to a cutting board and garnish with chopped scallions."
        ],
        "cooking_time": "35mins"
    },
    {
        "title": "Crossing-Culture Chinese Hoisin Pizza",
        "ingredients": [
            "13/4 cups   shredded cooked chicken",
            "3 tablespoons hoisin sauce , plus",
            "1/4 cup hoisin sauce",
            "2 teaspoons   minced garlic",
            "1 tablespoon   minced fresh ginger",
            "1 teaspoon sambal oelek",
            "6 green onions , cut on the diagonal into thin slices  (include some green tops)",
            "1 (12   inch)    Boboli pizza crusts",
            "1 cup   thinly sliced white onion",
            "11/2 cups   coarsely shredded mozzarella cheese",
            "1/2 cup   lightly packed cilantro leaf"
        ],
        "directions": [
            "Position an oven rack in the center of the oven; preheat oven to 500\u00b0.",
            "While the oven is heating, toss the chicken with 3 tablespoons hoisin, garlic, ginger, sambal oelek, and 3 of the green onions.",
            "Remove crust from plastic bag and save the packet of tomato sauce for another use.",
            "Place crust on a pizza screen, pizza pan, or rimless baking sheet.",
            "Top the pizza: spread \u00bc cup hoisin sauce evenly over the crust, leaving a 1-inch border.",
            "Distribute the white onion over the sauce; arrange chicken mixture in a single layer over the onion.",
            "Sprinkle the cheese evenly over the top.",
            "Place the pizza in the oven; bake about 10 minutes until the crust is crisp and deep golden brown and the cheese is golden.",
            "Sprinkle the remaining green onions and cilantro over the pizza; slice the pizza into wedges and serve immediately."
        ],
        "cooking_time": "40mins"
    },
    {
        "title": "Zucchini and Fresh Tomato Pizza With Fontina",
        "ingredients": [
            "2 cups   thinly sliced onions",
            "3 cloves garlic , minced",
            "2 teaspoons salt",
            "2 teaspoons olive oil",
            "2 teaspoons ground fennel",
            "4 cups   sliced zucchini , quarter lengthwise,then slice crosswise into bite-size pieces",
            "4 cups   chopped fresh tomatoes",
            "1/4 cup   chopped fresh basil",
            " pizza dough (homemade or storebought)",
            "2 cups   grated Fontina cheese (optional)"
        ],
        "directions": [
            "In a skillet saute the onions, garlic, and salt in the olive oil on medium heat for 7 to 10 minutes, until translucent.",
            "Add the ground fennel and zucchini and cook until the zucchini starts to soften, 3 to 5 minutes.",
            "Remove from the heat and add the tomatoes and basil.",
            "Allow to cool somewhat and drain any excess liquid before spreading on the pizza crust.",
            "Then top with cheese, if you wish, and bake according to the pizza crust directions.",
            "Enjoy!"
        ],
        "cooking_time": "45mins"
    },
    {
        "title": "Ww Gourmet Pizza",
        "ingredients": [
            "2 large    vidalia onions, very thinly sliced",
            "12 ounces    pizza crusts",
            "10 medium sun-dried tomatoes , without oil",
            "3 ounces hard cheese , Gorgonzola",
            "10 pieces spinach , washed and dried",
            "1/8 teaspoon black pepper"
        ],
        "directions": [
            "Coat a large nonstick pan with cooking spray. Warm pan over medium heat. Add onions and reduce heat to medium low. Cook for 15 to 20 minutes, stirring frequently, until onion browns and become very fragrant.",
            "Meanwhile, prepare pizza crust for baking according to package directions. Mince tomatoes and crumble cheese. Tear spinach into pieces. Preheat oven to 425.",
            "Spread caramelized onions on pizza crust and bake for 12 minutes. Remove from oven and add tomatoes, spinach, and cheese. Bake until cheese is melted, about 3 more minutes. Season with pepper and serve."
        ],
        "cooking_time": "45mins"
    },
    {
        "title": "Green Goddess Pizza",
        "ingredients": [
            " ",
            "1 garlic clove",
            "1 tablespoon shallot , chopped",
            "1 teaspoon lemon juice",
            "1 handful parsley , chopped",
            "1 handful baby kale",
            "1 handful basil , chopped",
            "1 tablespoon chives , chopped",
            "1/4 cup olive oil",
            " salt and pepper",
            " ",
            "2 cups   baby kale",
            "1/2 lb    pizza dough",
            "8 ounces mozzarella cheese , sliced into rounds",
            "1/4 cup parmesan cheese",
            "1 zucchini , shaved into long, thin ribbons",
            "1 handful basil",
            "1 tablespoon chives , chopped",
            "1 avocado , sliced"
        ],
        "directions": [
            "Pulse garlic and shallot in food processor until chopped. With the food processor running, add lemon juice, parsley, kale, basil and chives.",
            "Very slowly drizzle in olive oil until kale and herbs get sufficiently chopped and everything is the consistency of a pesto. Season to taste with salt and pepper.",
            "Preheat oven to 450 F and grease a baking sheet.",
            "In a bowl, massage the kale with a bit of olive oil, salt and pepper until well-coated, set aside.",
            "On a floured surface, roll out the dough to form a 12-inch circle. Transfer the dough to the baking sheet and cover it with the pesto. Top with mozzarella rounds.",
            "Add the shaved zucchini ribbons and massaged kale, then sprinkle with half of the parmesan.",
            "Drizzle pizza lightly with olive oil, salt and pepper.",
            "Bake for 10-13 minutes or until crust is golden and cheese has melted.",
            "Remove from oven and top with the fresh basil, chives, avocado and the rest of the parmesan."
        ],
        "cooking_time": "30mins"
    },
    {
        "title": "BLT Ranch Salad Pizza - Pampered Chef",
        "ingredients": [
            "1 Pillsbury refrigerated classic pizza crust",
            "2 cups iceberg lettuce , thinly sliced",
            "2 plum tomatoes , seeded & chopped",
            "1 (8   ounce) package cream cheese , softened",
            "1/2 cup    ranch dressing, divided",
            "1 garlic clove , pressed",
            "1/2 cup cheddar cheese , shredded",
            "1/4 cup    olive, sliced",
            "1/4 cup onion , chopped fine",
            "6 slices bacon , cooked & crumbled"
        ],
        "directions": [
            "Bake crust according to instructions.  Cool completely.",
            "Combine cream cheese, 1/4 cup ranch dressing & garlic.",
            "Spread evenly over crust.",
            "Top with lettuce, tomatoes, cheese, olives, onion & bacon.",
            "Drizzle with remaining dressing.",
            "Serve!"
        ],
        "cooking_time": "1hr"
    },
    {
        "title": "Crispy Crab Pizza With Rocket Salad Topping",
        "ingredients": [
            "1 sheet    shortcrust pastry (savoury, frozen or freshly made)",
            "2 tablespoons sun-dried tomatoes (paste or finely chop them)",
            "1 fresh chili pepper (deseeded and finely chopped)",
            "1 teaspoon lemongrass (finely chopped)",
            "200 g    crabmeat (cooked and shredded)",
            "1 lime",
            "50 g mozzarella cheese",
            "1 cup rocket",
            "3 tablespoons mayonnaise",
            " salt",
            " pepper"
        ],
        "directions": [
            "Roll the pastry to 1/4\"/5mm.",
            "Mix the finely chopped chilli with the sun-dried tomato paste or finely chopped sun-dried tomatoes and spread all over the pastry. Look for the tubs of sun-dried tomato pesto beside the regular basil pesto in the fridge section of your supermarket. It makes a great tasty pizza sauce.",
            "Bake in a hot oven (200C or 400F) for 8 minutes.",
            "Zest and juice the lime.",
            "Combine the shredded crab meat, lime zest, lemongrass and a little of lime juice.",
            "Slice the mozzarella into about 6 slices.",
            "Remove the pastry from the oven and scatter the crab mixture and mozzarella slices over the top. Add a grind of black pepper and salt to taste.",
            "Put back in the oven for about 10 minutes until the cheese is golden and bubbling.",
            "To serve, scatter the rocket over the pizza while still hot. Thin the mayonnaise with the rest of the lime juice and drizzle over the rocket."
        ],
        "cooking_time": "28mins"
    },
    {
        "title": "Black Forest Pizza",
        "ingredients": [
            "1 (19 7/8  ounce) package   brownie mix",
            "1 (8   ounce) package cream cheese , softened",
            "2 tablespoons confectioners' sugar",
            "1 (8   ounce) container   frozen whipped topping, thawed",
            "1 (20   ounce) can cherry pie filling",
            "2 tablespoons    chocolate sprinkles"
        ],
        "directions": [
            "Preheat oven to 350 degrees.",
            "Coat a 12-inch pizza pan with non-stick cooking spray.",
            "Prepare brownie mix according to package directions.",
            "Spread the prepared batter evenly over the bottom of the pan.",
            "Bake for 20-25 minutes or until a wooden toothpick inserted in center comes out clean, let cool.",
            "In a 2-3 quart mixing bowl, beat the cream cheese, confectioners sugar and whipped topping until smooth.",
            "Spread the mixture evenly over the brownie crust.",
            "Spoon on the cherry pie filling, spread to about 1 inch of the outer edge.",
            "Sprinkle chocolate candy sprinkles on the outer white rim.",
            "Chill and serve.",
            "Makes 12 slices."
        ],
        "cooking_time": "45mins"
    },
    {
        "title": "Garlic Chicken Pizza",
        "ingredients": [
            " ",
            "1 (16   ounce) bottle  ragu pasta sauce (garlic alfredo)",
            "3 cloves fresh minced garlic",
            " ",
            "3 cups   cubed boneless skinless chicken breasts , uncooked",
            "2 minced garlic cloves",
            "4 diced roma tomatoes",
            "1 cup   chopped spring onion",
            "3 cups   shredded mozzarella cheese or 3   cups monterey jack cheese",
            "2/3 cup   fresh grated parmesan cheese"
        ],
        "directions": [
            "Make one batch homemade breadstick dough (this makes a yummy deep dish pizza) (recipe #123659). Spread dough out in 2 buttered 9 by 13 pans.",
            "Mix alfredo with  minced garlic divide and spread evenly over both pans.",
            "Saut\u00e9 chicken with garlic till lightly browned and spread over pizzas.",
            "Sprinkle pizzas with onions, tomatoes, and cheeses.",
            "Let rise 20 minutes.",
            "Bake in 350\u00b0 oven till cheese is melted and bubbly and crust edges are golden brown (approx 25 minutes depending on oven)."
        ],
        "cooking_time": "55mins"
    },
    {
        "title": "White Clam Pizza",
        "ingredients": [
            "5 tablespoons extra virgin olive oil",
            "1 tablespoon garlic , finely chopped",
            " salt",
            "1/2 cup flour , for dusting",
            "2 (16   ounce) packages  of refrigerated pizza dough",
            "21/2 cups   of frozen and chopped clams , thawed and drained",
            "4 teaspoons parmesan cheese , grated",
            "1 tablespoon fresh thyme leave",
            " pepper"
        ],
        "directions": [
            "Position a rack in the bottom of the oven and place an inverted baking sheet on top.",
            "preheat oven to 500 degrees Fahrenheit.",
            "IN a small bowl, combine the olive oil, garlic and 2 pinches salt.",
            "Lightly flour a baking sheet, place one piece of pizza dough on top and stretch to fit the dimensions of the baking sheet.",
            "Drizzle 2 1/2 tablespoons garlic oil on top.",
            "Sprinkle half of the clams on top and season with 2 teaspoons Parmesan, 1 1/2 teaspoons thyme and salt and pepper.",
            "Set the baking sheet on the hot baking sheet in the oven.",
            "Bake until crisp and golden, about 20 minutes.",
            "Repeat with the remaining ingredients to make another pizza."
        ],
        "cooking_time": "1hr"
    },
    {
        "title": "Auberge Chorizo, Goat's Cheese and Onion Pizza - Thin Crust",
        "ingredients": [
            " ",
            "7 g dry yeast",
            "1/2 teaspoon sugar",
            "3/4 cup   of lukewarm water",
            "13/4 cups   of unbleached strong plain bread flour",
            "1/2 teaspoon salt",
            " ",
            "4 ounces chorizo sausage , sliced thinly",
            "5 ounces    goat's cheese, sliced thinly",
            "1 red onion , peeled and sliced thinly",
            "1 tomatoes , thinly sliced",
            "2 -4 tablespoons tomato paste or 2 -4   tablespoons tomato sauce , of your choice",
            "2 teaspoons capers (optional)",
            "2 sun-dried tomatoes packed in oil , chopped finely  (optional)",
            "2 ounces   grated mozzarella cheese (optional)",
            " salt",
            " fresh ground black pepper",
            " oregano"
        ],
        "directions": [
            "Combine the dry yeast, 1/2 teaspoon of sugar and 3/4 cups of lukewarm water. Mix a little and let sit for 6-8 minutes.",
            "Combine 1 3/4 cups of unbleached strong plain bread flour with 1/2 teaspoon of salt in a bowl or food processor.",
            "Pour the water combination into the bowl (or food processor) and mix until ready to knead (around 30 second in a food processor). If using a bowl, mix with a spoon, and your hands until you have a neat ball.",
            "Prepare a lightly sprinkled surface with flour. Turn out dough and knead for around 2-3 minutes. Lightly cover your finger tips with flour if the mixture is a little sticky.",
            "Roll out by hand for a 12'' base.",
            "Place in 12'' lightly oiled oven pan. Press out dough to form a slight lip.",
            "Spread your tomato puree or tomato sauce on top of the pizza dough. Then carefully arrange all the other toppings on top of the paste/sauce, putting the goat's cheese on last. (Or the mozzarella cheese if using.).",
            "(Note - if you wish to caramelise your onions first, fry them in a couple of teaspoons of olive oil and a teaspoon of balsamic vinegar until glazed, soft and slightly sticky. Ready made Onion Confit or Onion Jam also works very well.).",
            "Cook in a preheated over 250\u00b0C/495\u00b0F for 8-12 minutes (times may vary based on different ovens. Fan assisted oven will be quicker!).",
            "Remove from oven, slice and share with your favourite friends and/or family members, keeping an extra slice for yourself!"
        ],
        "cooking_time": "32mins"
    },
    {
        "title": "Heather's Fruit Pizza Quick and Simple",
        "ingredients": [
            "1 (16 1/2  ounce) package   Pillsbury sugar cookie dough (1-2 packages. depends on how thick you want your crust to be, I use 2)",
            "3/4 cup confectioners' sugar",
            "2 teaspoons vanilla",
            "2 (8   ounce) packages cream cheese (softened)",
            "1 (8   ounce) container Cool Whip (thawed)",
            " fresh fruit, any kind you may like  (i.e. kiwi, strawberries, grapes, oranges, bananas, etc.)"
        ],
        "directions": [
            "Cut sugar cookie dough into 1/4-inch thick pieces.",
            "Lay it down on a greased pizza pan or rectangular pan.",
            "Press dough till pressed together.",
            "Bake in 350\u00b0F oven for 10 minutes or until brown.",
            "Let it cool completely.",
            "While baking your crust, get a large bowl and mix together sugar,vanilla,and cream cheese.",
            "Fold in Cool Whip.",
            "Spread mixture onto baked crust (that is completely cooled.) When spread on, cut up your fresh fruit and place onto your pizza.",
            "Then put in refrigerator for an hour to chill.",
            "Then your ready to eat and enjoy.",
            "Another great and fun way to make this is using the rectangular pan is to use blueberries and strawberries to make an American flag.",
            "Use the blueberries as stars and strawberries as stripes.",
            "It is a big hit for the 4th of July parties.",
            "Another extra is to sprinkle granola on to it or sliced almonds, for an extra taste."
        ],
        "cooking_time": "25mins"
    },
    {
        "title": "Mexican Chicken Pizza With Cornmeal Crust",
        "ingredients": [
            "11/2 tablespoons olive oil (can use butter)",
            "1 onion , thinly sliced  (2 cups)",
            "1/2 teaspoon sugar",
            "11/2 cups all-purpose flour",
            "1 tablespoon sugar",
            "11/4 teaspoons active dry yeast",
            "1/4 teaspoon sea salt",
            "3/4 cup warm water",
            "1 tablespoon olive oil",
            "1/3 cup yellow cornmeal",
            " additional cornmeal",
            "2 cups    Mexican blend cheese",
            "11/2 cups   shredded cooked chicken",
            "1 (14 1/2  ounce) can diced fire-roasted tomatoes , drained  (Muir Glen Organic)",
            "1/2 medium yellow bell pepper , chopped",
            "1/4 cup fresh cilantro , chopped",
            "1/4 cup green onion , sliced  (optional)",
            " sour cream (optional)"
        ],
        "directions": [
            "Heat oil (or butter) in large skillet.  Add onions and cook over medium low heat, stirring frequently until onions are golden brown and soft.  Stir in 1/2 teaspoons sugar and cook 1-2 minutes more.  Set aside.",
            "Heat oven to 450.  In medium bowl, stir together 3/4 cup of the flour, the sugar, yeast and salt.  Stir in warm water and oil.  Beat with electric mixer on low 30 seconds.  Beat on high about 1 minute.  Stir in 1/3 cup cornmeal and remaining 3/4 cup flour to make a soft dough.  On lightly floured surface, knead dough until smooth and elastic, about 5 minutes.  Cover and let rest 10 minutes.",
            "Spray large cookie sheet with cooking spray; sprinkle with additional cornmeal.  Press dough into 14x10-inch rectangle on cookie sheet; prick with fork.  Bake 8 to 10 minutes or until edges just begin to brown.  Spread the onions on crust, then sprinkle with 1 cup of the cheese.  Top with chicken, tomatoes and bell pepper.  Sprinkle with remaining 1 cup cheese.  Bake 6 to 8 minutes or until cheese is melted and edges are golden brown.  Sprinkle with cilantro.  Add green onion and a dollop of sour cream, if desired."
        ],
        "cooking_time": "40mins"
    },
    {
        "title": "Quick Flatbread Pizza",
        "ingredients": [
            "2 flour tortillas (try flatout flatbreads)",
            "4 teaspoons olive oil",
            "6 ounces tomato paste",
            "2 large    mixed mushrooms",
            "1/2 onion",
            "2 ounces feta cheese",
            "2 ounces pre-shredded mozzarella cheese",
            "3 ounces    pepperoni",
            "1 teaspoon basil",
            "1 teaspoon oregano"
        ],
        "directions": [
            "Place tortillas over parchment paper on a cookie sheet.",
            "Spread a teaspoon of olive olive oil over each tortilla.",
            "Spread 3 oz of tomato paste over each tortilla.",
            "Preheat oven to 400 degrees.",
            "Next place pepperoni over tomato paste.",
            "Slice and spread onions and mushrooms next.",
            "Add basil and oregano and drizzle remaining olive oil.",
            "Top with crumbled feta and pizza cheese.",
            "Bake for 12 minutes or until cheese is browned and crust looks crispy.",
            "Enjoy!"
        ],
        "cooking_time": "27mins"
    },
    {
        "title": "The Broads' and the Bonn's Breakfast Pizza",
        "ingredients": [
            "1 (13   ounce) container  pillsbury prepared pizza crust",
            "5 tablespoons flour",
            "5 tablespoons butter",
            "11/2 cups    whole milk",
            "1/2 cup half-and-half cream",
            " salt , to taste",
            " pepper , to taste",
            "1/2 lb bulk pork sausage , cooked and crumbled",
            "1/2 cup Canadian bacon , diced",
            "6 slices bacon , cooked and crumbled",
            "3 cups cheddar cheese",
            "5 eggs",
            "1 (6   ounce) box Stove Top stuffing mix (we used sage flavored)",
            "3 green onions , chopped",
            "2 tablespoons fresh basil , chopped"
        ],
        "directions": [
            "Spread pizza dough into a pizza pan or cookie sheet and press up the sides. Bake according to package directions.",
            "Prepare ingredients so they are ready to assemble into a pizza.",
            "Cook the sausage, bacon, and dice the Canadian Bacon.",
            "Chop the onion.",
            "Grate 3 cups of Cheddar cheese.",
            "Slightly beat the eggs with the seasoning packet from the Stove Top and soak in the stuffing mix to soften a bit. Then scramble the mixture til eggs are set.",
            "-------------------------------------------.",
            "Melt the butter in a sauce pan over medium heat.",
            "When it is sizzling, add the flour and whisk well until there are no dry clumps.",
            "Let this gently bubble for 2 minutes or so, but do NOT let it begin to brown. This will remove the starchy taste from the flour.",
            "Remove from heat and slowly pour in the milk and cream and whisk very well til smooth.",
            "Return to burner and heat on medium until it is thick. (It will be much thicker than what you would ordinarily make a gravy to be. But it needs to be in order to sit on top of the crust instead of getting absorbed into it).",
            "Season with salt and pepper to taste. (keep in mind that there are a lot of salty ingredients in a pizza so use a light hand when salting).",
            "Spread 1 cup gravy/sauce mixture on prepared crust.",
            "Sprinkle one cup cheddar cheese on top of gravy.",
            "Next evenly distribute egg/stuffing mixture.",
            "Spread another cup of gravy over eggs.",
            "Sprinkle Canadian bacon, pork sausage, and bacon next.",
            "Sprinkle remaining two cups of cheddar.",
            "Top with chopped green onions and chopped basil and bake at 350 for 15-20 minutes."
        ],
        "cooking_time": "50mins"
    },
    {
        "title": "Peach, Prosciutto and Goat Cheese Summer Pizza",
        "ingredients": [
            " pizza crust",
            "2 -3 tablespoons extra virgin olive oil",
            "2 -3 firm peaches, peeled and cut into thin wedges",
            "1/4 lb prosciutto",
            "4 ounces   soft mild goat cheese, crumbled",
            "2 teaspoons herbs , de provence",
            " pepper (optional)"
        ],
        "directions": [
            "Make your own pizza crust or use a ready made crust of your choice.",
            "Brush the crust with a small amount of the olive oil.",
            "Arrange the peach wedges and cut or tear thin sliced prosciutto into pieces then arrange over the crust.",
            "Crumble the goat cheese over the peaches and prosciutto.",
            "Sprinkle the Herb de Provence over the pizza.",
            "Bake at 400 degrees for 10 to 14 minutes."
        ],
        "cooking_time": "25mins"
    },
    {
        "title": "Mega Meatball Pizza",
        "ingredients": [
            "1 recipe homemade pizza dough",
            "1 tablespoon olive oil",
            "2 tablespoons   finely chopped rosemary",
            "1 teaspoon salt",
            "2 tablespoons olive oil",
            "11/2 lbs    ground sirloin",
            "1 medium onion , finely chopped",
            "4 -6 garlic cloves , finely chopped",
            "1 teaspoon black pepper",
            "1 (6   ounce) can tomato paste",
            "1/2 cup   grated parmesan cheese",
            "1/4 cup   chopped fresh parsley",
            "1 teaspoon dried oregano",
            "3/4 lb mozzarella cheese"
        ],
        "directions": [
            "Preheat oven to 425 degrees F.",
            "On a round pizza stone or pan or on a rectangular baking sheet, using flour or cornmeal to dust the dough, spread out the dough to form your crust. If you are using a baking sheet, drizzle pan with extra-virgin olive oil then set crust in place. Poke the pizza dough in several areas with the tines of a fork. Drizzle the dough with extra-virgin olive oil then season it with finely chopped rosemary and a little salt. Place in oven 10 minutes.",
            "Heat a large skillet over medium high heat. Add 2 tablespoons extra-virgin olive oil, then the meat. Brown and crumble meat a couple of minutes, then add onions and garlic. Season the meat with salt and pepper then work in the tomato paste using the back of a wooden spoon to combine. Stir in the parmesan cheese, parsley and oregano.",
            "Remove pizza crust from oven and top with meat. Arrange mozzarella cheese over the pizza, working to edges. Return the pizza to the oven and bake until cheese is golden, another 10 to 12 minutes."
        ],
        "cooking_time": "32mins"
    },
    {
        "title": "Portobello and Red Pepper Pizza Pie",
        "ingredients": [
            "4 tablespoons olive oil",
            "2 red bell peppers , cut into thin slices",
            "11/2 1 1/2  lbs baby portabella mushrooms or 1 1/2  lbs cremini mushrooms , cut into 1/4 inch slices",
            "1/2 teaspoon salt",
            "1 lb   store-bought pizza dough or 1   lb   homemade pizza dough",
            "3 garlic cloves , minced",
            "1/4 teaspoon fresh ground black pepper",
            "3/4 cup   lightly packed basil leaves , chopped",
            "1/2 lb fresh mozzarella cheese , cut into 1/4-inch discs",
            "1/2 cup   grated parmesan cheese"
        ],
        "directions": [
            "Preheat oven to 425 degrees. Heat two tablespoons of olive oil over moderately high heat. Saute peppers for about 10 minutes. Add  mushrooms and salt and continue to cook for another 10 minutes (about 6 minutes for baby bellos or crimini), stirring occasionally.",
            "If using homemade pizza dough, press the  dough onto an oiled pizza pan in a 14\" circle or on a baking sheet in a 9\" X 13\" rectangle. Pizza Stones work great for store bought crusts.",
            "If using homemade dough; spread the peppers and mushrooms on the dough and bake for 12 minutes. Sprinkle on the garlic, black pepper, and basil and top with mozzarella and then Parmesan. Drizzle with the remaining 2 tablespoons olive oil. Bake until the cheese bubbles and starts to brown, about 10 to 15 minutes longer.",
            "If using a store bought crust; simply spread the peppers and mushrooms on the crust and sprinkle with garlic, black pepper and basil. Top with cheeses and drizzle with the remaining 2 tablespoons olive oil. Bake until the cheese bubbles and starts to brown, about 10 to 15 minutes."
        ],
        "cooking_time": "30mins"
    },
    {
        "title": "Daddy's Favorite Pizza",
        "ingredients": [
            "1 pre-rolled pizza dough",
            "1 (14   ounce) jar   pizza sauce",
            "2 cups mozzarella cheese or 2   cups   whatever cheese , shredded",
            " ",
            " ham or   pepperoni",
            " onion",
            " bell pepper",
            " mushroom",
            " broccoli",
            " pineapple",
            " bacon",
            " feta cheese",
            " bbq chicken",
            " ground beef",
            " sliced and cooked potato",
            " chives",
            " sour cream",
            " macaroni and cheese mix (yeah i know but its amazing)",
            " basil",
            " oregano"
        ],
        "directions": [
            "Place pizza dough on pizza stone.",
            "Cover with desired amount of sauce, spices toppings then cheese.",
            "Bake at 300\u00b0F until cheese is melted and bubbly around edges."
        ],
        "cooking_time": "23mins"
    },
    {
        "title": "Naan Flatbread Pizza",
        "ingredients": [
            "1 tablespoon olive oil",
            "4 -5 ounces mozzarella cheese (shredded)",
            "1/2 bell pepper (diced small)",
            "1/2 sweet onion (diced small)",
            "1 garlic clove (minced)",
            "4 ounces    ranch salad dressing (I use Marie's)",
            "1 naan flat bread (I use Target's garlic)"
        ],
        "directions": [
            "Pre-heat oven to 400 degrees F.",
            "In skillet, add olive oil, onion and bell pepper and saute for about 10 minutes on medium low heat stirring frequently.",
            "Add garlic and saute for an additional 2 minutes. Remove from heat.",
            "Place naan flat bread on a cookie sheet lined with baker's parchment paper.",
            "Slather on the ranch salad dressing to top side of naan.",
            "Then sprinkle cheese over top, then sprinkle bell pepper mixture from skillet on top of the cheese.",
            "Bake in oven for 15 minutes or until cheese is gooey melted.",
            "Remove and enjoy!"
        ],
        "cooking_time": "45mins"
    },
    {
        "title": "Lebanese Olive Pizza",
        "ingredients": [
            "100 g    lebanese bread (about 30cm or 12-inches round)",
            "125 g tomato paste",
            "125 g mozzarella cheese , grated",
            "100 g kalamata olives (pitted)",
            "1/4 teaspoon dried oregano",
            "1/4 teaspoon dried basil",
            "1/4 teaspoon ground black pepper"
        ],
        "directions": [
            "Pre-heat oven to 225 C (425F).",
            "Spread tomato paste even over leabanese bread and top with grated mozzarella, followed by evenly spaced olives.",
            "Sprinkle herbs over the top.",
            "Bake in oven for 10 - 15 minutes (check after 10, it doesn't take long).",
            "Allow to rest a few minutes before cutting and serving."
        ],
        "cooking_time": "20mins"
    },
    {
        "title": "Easy Tortilla Pizza",
        "ingredients": [
            "1 large flour tortilla",
            "0.5 (8   ounce) jar   pizza sauce",
            "1/2 cup    shredded cheddar cheese (but any kind can do)",
            "6 pieces    pepperoni"
        ],
        "directions": [
            "turn the oven to 350 F, Get the flour tortilla and place it on a cookie sheet than get the 1/2 jar of pizza sauce and spread it over the tortilla evenly, when that is done get the shredded cheese of your choice and sprinkle that all over the tortilla, get the pieces of pepperoni and spread on to the tortilla, place the pan into the oven and cook for 5-7 minutes or until the cheese is melted and the edges of the pizza is crusty but you don't want it to crusty. remove from oven and get a large place and place the tortilla on the plate --  and serve.",
            "( the tortilla doesn't get stuck to the pan so you and use a spatula and slid it over onto the plate.)."
        ],
        "cooking_time": "7mins"
    },
    {
        "title": "Loaded Greek Topping Pizza",
        "ingredients": [
            "12 ounces    pizza dough",
            "1 cup    pizza sauce",
            "11/2 cups mozzarella cheese",
            "2 cups    cooked chicken, cubed",
            "1 large red onion , sliced thin",
            "1/2 cup feta cheese , crumbled",
            "1/4 cup tomatoes , seeded, diced",
            "1/4 cup kalamata olive , crushed",
            "1 tablespoon oregano , fresh"
        ],
        "directions": [
            "Preheat oven to 400 degrees Fahrenheit.",
            "Grease 12 inch x 12 inch non-stick pizza pan with vegetable shortening.",
            "Spread pizza dough onto pizza pan.",
            "Spread pizza sauce over dough.",
            "Top with remaining ingredients.",
            "Bake 12 to 15 minutes or until bottom of crust is golden brown."
        ],
        "cooking_time": "30mins"
    },
    {
        "title": "Italian Salad Pizza",
        "ingredients": [
            " ",
            "1 (10   ounce) package   prepared pizza crust",
            "2 cloves garlic , pressed",
            "1/2 teaspoon dried oregano leaves",
            "1/4 teaspoon dried basil leaves",
            " ",
            "5 cups romaine lettuce , thinly sliced",
            "1 medium tomatoes , seeded and diced",
            "1/2 cup red onion , thinly sliced",
            "1/4 cup pitted ripe olives , sliced",
            "1/4 cup    fat-free Italian salad dressing",
            "1 cup   shredded mozzarella cheese",
            "1/4 cup   grated fresh parmesan cheese , divided"
        ],
        "directions": [
            "Preheat oven to 425* Roll out dough into desired shape.",
            "Press garlic over dough and spread.",
            "Sprinkle with oregano and basil.",
            "Place on bottom rack of oven for 12-14 minutes or until golden brown.",
            "While crust is cooking, place lettuce, onion, tomato,olives, and dressing into a large bowl and toss to coat.",
            "When you remove the crust from the oven, immediately sprinkle with mozzarella and 1/2 of the parmasean cheeses.",
            "While still warm top with salad mixture.",
            "Use remaining cheese to top salad.",
            "Serve immediately."
        ],
        "cooking_time": "27mins"
    },
    {
        "title": "Bolognese Style Pan Pizza",
        "ingredients": [
            "1/2 lb Italian sausage , removed from casing",
            "1/2 lb lean ground beef",
            "1 cup Italian-style tomato sauce",
            "1 tablespoon olive oil",
            "14 ounces    prepared pizza crust",
            "1 cup ricotta cheese",
            "1 large egg",
            "2 cups   shredded Italian cheese blend"
        ],
        "directions": [
            "Preheat oven to 400 degrees F.  Combine Italian sausage and ground beef.  Brown meat mixture in skillet over medium heat until cooked through.  Add tomato sauce to meat mixture.  Remove from heat.",
            "Brush sides and bottom of 13 x9 baking pan with olive oil.  Unroll dough into pan, pressing into rectangular shape to form crust.",
            "Combine ricotta cheese and egg, and then spread mixture onto crust.  Top with meat sauce and shredded cheese.",
            "Bake for 20- 25 minutes until top is golden brown.  Let stand for 5 minutes before serving."
        ],
        "cooking_time": "40mins"
    },
    {
        "title": "Wild Mushroom Pizza With Truffle Oil",
        "ingredients": [
            " ",
            "1 teaspoon sugar",
            "21/4 teaspoons fast rise yeast",
            "1/2 cup warm water (100 - 110 )",
            "62/3 ounces all-purpose flour , divided  or 1 1/2  cups all-purpose flour",
            "1/2 teaspoon salt , divided",
            " cooking spray",
            "2 teaspoons cornmeal",
            " ",
            "2 teaspoons olive oil",
            "2 cups    shiitake mushroom caps, thinly sliced",
            "2 cups cremini mushrooms , thinly sliced",
            "11/2 cups portabella mushrooms , sliced into 1/4 inch thick slices  or 4   ounces portabella mushrooms",
            "21/2 ounces Fontina cheese , shredded and divided  or 2/3  cup Fontina cheese",
            "2 teaspoons fresh thyme , chopped",
            "1/2 teaspoon    truffle oil",
            "1 ounce   grated fresh parmesan cheese or 1/4  cup   grated fresh parmesan cheese",
            "1/4 teaspoon sea salt or 1/4  teaspoon   flake salt"
        ],
        "directions": [
            "Dissolve sugar and yeast in warm water in a large bowl; let it stand 5 minutes. Weigh or spoon 5.6 oz flour into dry measuring cups; level with a knife. (1 1/4 cups).",
            "Add the flour and 1/4 tsp salt to the yeast mixture; stir until a soft dough forms. Turn the dough out onto a lightly floured surface.",
            "Knead until smooth and elastic (about 10 minutes); add enough of the remaining flour, 1 tbsp at a time, to prevent the dough from sticking to your hands. (Dough will feel tacky).",
            "Place the dough in a large bowl coated with cooking spray, turning to coat the top.  Cover the surface of the dough with plastic wrap lightly coated with cooking spray; let rise in a warm place (85\u00b0), free from drafts, 30 minutes or until doubled in size. (Gently press two fingers into the dough.  If the indentation remains, the dough has risen enough.",
            "Punch the dough down; cover and let it stand 5 minutes.",
            "Line a baking sheet with parchment paper; sprinkle with cornmeal.  Roll the dough into a 12 inch circle on a floured surface. Then place the dough on the prepared baking sheet.  Crimp the edges of the dough with your fingers to form a rim; let rise for 10 minutes.",
            "Preheat the oven to 475\u00b0.",
            "While the dough rises, heat a large nonstick skillet over medium heat. Add olive oil to the pan and swirl to coat. Add the mushrooms and remaining 1/4 tsp salt; cook 7 minutes or until the mushrooms soften and moisture almost evaporates, stirring frequently.",
            "Sprinkle 1/4 cup fontina evenly over the dough.  Arrange the mushroom mixture evenly over the fontina.",
            "SPrinkle with thyme; drizzle evenly with the truffle oil. Sprinkle remaining fontina and Parmesan cheese evenly over the top.",
            "Bake at 475\u00b0 for 15 minutes or until the crust is lightly browned.  Slide the pizza onto a cutting board; sprinkle with sea salt. Cut into 8 slices and serve immediately."
        ],
        "cooking_time": "1hr 25mins"
    },
    {
        "title": "Fake out Mini Pizzas (Eggplant)",
        "ingredients": [
            "1 eggplant , peeled and cut into rounds",
            "1 cup diced tomato , drained",
            "1 cup mushroom , diced, drained",
            "2 cups    pizza sauce",
            "1 cup mozzarella cheese , shredded",
            "1/4 cup parmesan cheese , grated",
            "1 tablespoon fresh basil",
            "1 tablespoon oregano",
            "1 teaspoon    granulated garlic",
            "1/2 teaspoon salt",
            "1/2 teaspoon pepper"
        ],
        "directions": [
            "Peel eggplant and cut it into rounds the short way (width-wise) slices should be about \u00bc \u201c thick.",
            "Place slices on paper towels. Salt the eggplant and set aside. This allows the eggplant to \u201csweat.\u201d.",
            "Mix the two cheeses together. Set aside.",
            "Meanwhile mix pizza sauce with basil, oregano, garlic, salt and pepper.",
            "Heat oven to 350\u00b0F.",
            "After 10 minutes, use a paper towel to dab at eggplant. The slices should not be wet.",
            "Arrange eggplant rounds on a cookie sheet sprayed with cooking spray. Ladle a spoonful of pizza sauce on each slice. Spread out almost to the edges (like you would a pizza).",
            "Top with a few pieces of mushroom and tomatoes; top with cheese mixture.",
            "Bake at 350F about 12-15 minutes until cheese is melted. Keep an eye on this as ovens vary.",
            "Cut basil into chiffonade (long, thin strips) and top each \u201cpizza\u201d.",
            "If desired, build your \u201cpizza\u201d creation using whatever veggies you prefer. This recipe was designed for a contest, hence the ingredients of canned tomatoes and mushrooms."
        ],
        "cooking_time": "25mins"
    },
    {
        "title": "Hamburger-Crust Pizza",
        "ingredients": [
            "1 lb lean ground beef",
            "1 garlic clove , minced",
            "1 (8   ounce) can tomato sauce",
            "1/4 teaspoon    garlic salt",
            "1/4 teaspoon    Italian herb seasoning",
            "1/2 teaspoon sugar",
            "1 red onion , sliced thin",
            "1/4 lb    genoa salami, sliced thin",
            "1/2 lb mozzarella cheese , slices",
            "1 (4   ounce) can  chopped mixed mushrooms, drained",
            "1/4 teaspoon   crumbled dried oregano (or 1 tsp fresh)",
            "1/4 cup   grated parmesan cheese"
        ],
        "directions": [
            "Mix the beef and the garlic and press into a 12-inch pizza pan.",
            "Mix the tomato sauce through the sugar and spread on top of the beef.",
            "Layer the onion, salami, mozzarella cheese and mushrooms on the pizza in the order listed.",
            "Sprinkle with oregano and parmesan.",
            "Bake at 400\u00ef\u00bf\u00bd about 15 minutes or until the beef is cooked through."
        ],
        "cooking_time": "25mins"
    },
    {
        "title": "Cream Cheese, Onion & Bacon Tart (France Does Pizza!)",
        "ingredients": [
            "250 g    bread dough",
            "1 kg cream cheese (may use ricotta)",
            "31/8 cups creme fraiche",
            "1 tablespoon flour",
            "1 pinch salt",
            "1 tablespoon    vegetable oil",
            "300 g bacon (diced)",
            "4 onions (med-size, chopped)",
            " fresh ground black pepper"
        ],
        "directions": [
            "Preheat oven to 475F (220C). Roll out dough as thinly as possible & use it to line a lrg oblong cookie sheet (16 x 12 in).",
            "Prick the dough base w/the tines of a fork to within 1/2-in of the edges & bake blind for 10 minutes. Allow to cool for at least 10 minutes. DO NOT turn off the oven.",
            "Combine cream cheese (or ricotta if using) w/the creme fraiche, flour, salt & oil to form a thick paste & spread it over the dough.",
            "Crisp bacon in a lrg frying pan, remove w/a slotted spoon & set aside, reserving 2 tbsp of bacon fat & discarding any excess. Peel & chop onions & brown them in the reserved bacon fat.",
            "Scatter bacon & onions over the cheese topping. Season w/pepper to taste pref. Return to the oven, cook for 2 min & serve immediately.",
            "NOTE: Feel free to use a pizza pan if you have 1 equivalent in size (192 sq in)."
        ],
        "cooking_time": "32mins"
    },
    {
        "title": "New Year's Pizza",
        "ingredients": [
            "2 (13 7/8  ounce) cans   pizza dough",
            "11/2 cups    pizza sauce",
            "8 ounces   shredded mozzarella cheese",
            "1 red bell pepper , small diced",
            "1 yellow bell pepper , small diced",
            "1 green bell pepper , small diced",
            "1 small red onion , small diced",
            "1 zucchini , small diced",
            "4 ounces mushrooms , small diced",
            "2 ounces   sliced pepperoni, small diced"
        ],
        "directions": [
            "Preheat oven to 425 degrees F. Line 2 baking sheets with parchment paper. Working with one at a time, unroll pizza dough onto a cutting board with the longest side parallel to the edge of the counter. Cut in half vertically, then use a sharp knife to cut out the numbers 2 and 0. Transfer numbers to a prepared baking sheet. Repeat with remaining dough, cut out the numbers 1 and 9 and transfer to second baking sheet.",
            "Bake for 6 minutes, remove from oven and top each number with pizza sauce, spreading to cover dough to the edges. Top sauce with shredded mozzarella, diced red, yellow and green peppers, onions, zucchini, mushrooms and pepperoni.",
            "Bake for 8-10 minutes longer until crust is golden and toppings are cooked. Serve on a large platter or cutting board with the numbers 2019 next to each other."
        ],
        "cooking_time": "35mins"
    },
    {
        "title": "The People's Pizza",
        "ingredients": [
            "1 ball pizza dough",
            "15 ounces   canned whole peeled italian roma tomatoes",
            "1/3 cup red wine vinegar",
            "1 pinch    salt and pepper",
            "2 onions , finely chopped",
            "4 garlic cloves , finely chopped",
            "2 tablespoons tomato paste",
            "1/3 cup oregano , dried",
            " ",
            " mozzarella cheese",
            " red pepper",
            " green pepper",
            " yellow pepper",
            " prosciutto",
            " arugula",
            " fig",
            " mushroom",
            " fresh basil"
        ],
        "directions": [
            "Squeeze whole red tomatoes into a bowl with the rest of their juices and pour in vinegar with salt and pepper, cover and allow to sit for a minimum 30 minutes or overnight.",
            "In a saucepan saute onions and garlic in olive oil for 5-7 minutes, before pouring in the tomato mix and the rest of the ingredients. Bring to a boil, turn heat to low and simmer for 30 minutes.",
            "Transfer to a Vitamix or blender, blitz until smooth and pour into a jar or airtight container. It lasts for 7 days and it can be used for any tasty option :).",
            "Turn broiler to high and set up trays to be 6 inches below. If you have a pizza stone place in the oven to get searing hot.",
            "Spread an even layer of the sauce over the dough, finish with your favorite pizza toppings and cook in the oven for 2-4 minute or until dough is crispy and cheese is well melted."
        ],
        "cooking_time": "30mins"
    },
    {
        "title": "Uncommon Ramen BBQ Chicken Pizza Bake",
        "ingredients": [
            "6 ounces    ramen noodles, any flavor",
            "1 egg , beaten",
            "1/4 cup parmesan cheese , finely grated",
            "2 tablespoons    vegetable oil",
            "2/3 cup barbecue sauce",
            "1 cup    cooked chicken, chopped into 1/2 inch chunks",
            "1 cup mozzarella cheese , shredded",
            "1/2 red onion , thinly sliced",
            "5 ounces   canned mandarin orange segments , drained well",
            " ",
            " pitted black olives",
            " mushroom , sliced",
            " canned jalapeno slices",
            " bell pepper , seeded and thinly sliced",
            " red pepper flakes"
        ],
        "directions": [
            "Remove ramen noodles from their packages and cook in boiling water until just al dente (1-2 minutes). Save the flavour packets for another use.",
            "In a large bowl, beat the egg and parmesan cheese.",
            "Drain the noodles very well and add to the large bowl, mixing quickly to combine.",
            "Preheat the oven to 450 degrees F.",
            "Heat a 12-inch cast-iron skillet over a medium heat until hot. Once hot, add the vegetable oil and tilt the pan to coat the base and sides with it. Add the noodles to the skillet, using a fork to help you spread them out to cover the base in an even layer. Press down using a metal spatula to compact it down. Cook over a medium-low heat until golden and slightly crisp underneath.",
            "Spread the BBQ sauce over the noodles, scatter on the chicken and mozzarella. Top with the onions and mandarin segments. Add any of the optional toppings now too.",
            "Bake for 10-15 minutes until the cheese has melted and is starting to brown.",
            "Remove from the oven and use a metal spatula to help loosen the pizza from the skillet. Slide out into a cutting board, cut into wedges and serve.",
            "Note: you can also make two 9-inch pizzas from this recipe. The crust will be slightly thinner. Just use a 9-inch skillet instead of a 12-inch and only use half the cooked noodle mixture for each pizza base.",
            "Note: The 1/2 cup of milk in the crust has been removed from the recipe to help ensure a crisp crust throughout. Additionally, if you don\u2019t have a cast-iron skillet, you can baked this on a cookie sheet, but the crust will not be as crisp."
        ],
        "cooking_time": "32mins"
    },
    {
        "title": "Easy Peezy Pizza Dough (Bread Machine Pizza Dough)",
        "ingredients": [
            "2 teaspoons   dried granulated yeast",
            "3 cups bread flour",
            "1 teaspoon salt",
            "2 tablespoons sugar",
            "2 tablespoons olive oil",
            "1 cup water , plus",
            "2 tablespoons water"
        ],
        "directions": [
            "SOME PIZZA TOPPING IDEAS.",
            "Caramelised onions and roasted garlic.",
            "Mozzarella cheese, Camembert, Romano and Feta (for a really, really cheezy pizza!).",
            "Equal parts of basil pesto and olive oil mixed together with Parmesan or Romano cheese.",
            "Plus some roughly chopped sundried or SEMI-dried tomatoes, sliced black olives and LOTS of grated Mozzarella cheese, salt and lost of freshly ground black pepper!",
            "Cranberry jelly, shredded chicken, sliced Brie!",
            "Mozzarella cheese, shredded chicken and sliced avocado!",
            "THE BREAD.",
            "Place all the above ingredients in the order I have listed into the bread machine.",
            "Select the dough cycle and press start!",
            "When the dough cycle is complete, take the dough out of the machine and place in well greased bowl, and roll the dough around (in the bowl) thus 'coating' it in oil.",
            "Cover and leave to rise in a warm place for about 1/2 an hour.",
            "Knead the risen dough lightly.",
            "To shape and bake: roll the dough into a circle.",
            "Place on well greased baking tray or pizza pan.",
            "Then add a topping of your choice and bake at 225'C.",
            "NOTE: for a nice crisp and very thin pizza, bake BEFORE adding the topping AND after!"
        ],
        "cooking_time": "3hrs 15mins"
    },
    {
        "title": "Beer Pizza Crust",
        "ingredients": [
            "3 cups unbleached flour (plus more for dusting)",
            "1 tablespoon baking powder",
            "1/2 teaspoon salt",
            "1 (12   ounce) can beer (I use light)",
            " olive oil"
        ],
        "directions": [
            "Preheat oven to 450 degrees.",
            "Combine the flour, baking powder and salt in a large bowl and mix thoroughly.",
            "Pour in the beer and mix well.",
            "The dough will be sticky.",
            "Spread a handful of flour on your work surface and dump the dough onto it.",
            "Tiss the dough around to coat it with flour and prevent it from sticking.",
            "Knead it 2 or 3 times to make it pliable.",
            "Shape the dough into a ball and divide it in two if you are making 2 thin crust pizzas.",
            "For a deep dish pie do not divide.",
            "Grease your pizza pan with oil and use a rolling pin to roll the dough out into a circle.",
            "Brush crust with olive oil lightly and then add your sauce and toppings.",
            "Bake for 12- 15 minutes or until golden brown on top."
        ],
        "cooking_time": "25mins"
    },
    {
        "title": "Great Buffalo Chicken Pizza",
        "ingredients": [
            "1 pizza dough (12 inch)",
            "1/2 lb    chicken tenders, grilled",
            "4 tablespoons butter , melted",
            "1/4 cup    hot sauce",
            "1/3 cup    ranch dressing",
            "2 cups mozzarella cheese , grated"
        ],
        "directions": [
            "Preheat the oven to 400.",
            "Dice the cooked chicken.",
            "Melt the butter, add the hot sauce and toss with the chicken.",
            "Spread the ranch dressing on the pizza crust.",
            "Top with the chicken.",
            "Sprinkle on the cheese and bake for 10-12 minutes (or until the cheese is lightly browned).",
            "It is ready to be devoured!"
        ],
        "cooking_time": "25mins"
    },
    {
        "title": "BBQ Chicken Pizza - California Pizza Kitchen Style",
        "ingredients": [
            "10 ounces boneless skinless chicken breasts , cut into 3/4-inch cubes",
            "1 tablespoon olive oil",
            "2 tablespoons   favorite barbecue sauce (we use a spicy-sweet sauce)",
            " bbq chicken pizza dough",
            " semolina or flour , for handling",
            "1/2 cup   favorite barbecue sauce",
            "2 tablespoons   shredded smoked gouda cheese",
            "2 cups   shredded mozzarella cheese",
            "1/4 small red onion , sliced into 1/8-inch pieces",
            "2 tablespoons   chopped fresh cilantro"
        ],
        "directions": [
            "To make BBQ Chicken: In a large frying pan, cook the chicken in olive oil over medium-high heat until just cooked, 5 to 6 minutes. Do not overcook. Set aside in the refrigerator until chilled through.",
            "Once chilled, coat the chicken with 2 tablespoons BBQ sauce; set aside in the refrigerator.",
            "To make the pizza: Place the pizza stone in the center of the oven and preheat to 500 degrees F for one hour before cooking pizzas.",
            "Use a large spoon to spread \u00bc cup BBQ sauce evenly over the surface of the prepared dough within the rim. Sprinkle 1 tablespoon smoked Gouda cheese over the sauce. Cover with \u00be cup shredded Mozzarella. Distribute half the chicken pieces evenly over the cheese (approximately 18 pieces). Place approximately 18 to 20 pieces of red onion over the surface. Sprinkle an additional \u00bc cup Mozzarella over the top of the pizza.",
            "Transfer the pizza to the oven; bake until the crust is crisp and golden and the cheese at the center is bubbly, 8 to 10 minutes. When the pizza is cooked, carefully remove it from the oven; sprinkle 1 tablespoon cilantro over the hot surface. Slice."
        ],
        "cooking_time": "50mins"
    },
    {
        "title": "Grilled Breakfast Pizza",
        "ingredients": [
            "2 ounces turkey sausage , sliced",
            "1/4 cup    sliced mushrooms",
            "1 pizza crust, prebaked 6-inch",
            "1/2 cup bell pepper , red and green, sliced",
            "3 large eggs",
            "1/2 cup mozzarella cheese , shredded"
        ],
        "directions": [
            "Place pizza shell on medium-heat flat grill or grooved grill for 3 minutes on each side.",
            "Saut\u00e9 sausage and mushroom together.  Remove from pan and keep warm.",
            "While pizza shell is heating, place peppers in pan and cook for 1 minute.  Add eggs and scramble together.  Cook until eggs are almost set.",
            "Arrange cooked egg/pepper mixture on pizza shell; garnish with mushrooms and sausage.  Sprinkle with cheese and place under broiler for 1 minute."
        ],
        "cooking_time": "20mins"
    },
    {
        "title": "Loaded Garlic Chicken Pizza",
        "ingredients": [
            "2 boneless skinless chicken breasts",
            "1 tablespoon dried oregano",
            "3 garlic cloves , minced",
            "3 tablespoons   cooking sake",
            "3 tablespoons soy sauce",
            "3 tablespoons olive oil",
            "2 tablespoons butter",
            "1/2 teaspoon crushed red pepper flakes",
            "1/4 teaspoon fresh ground black pepper",
            "1 pizza dough",
            "1 cup mozzarella cheese",
            " parmesan cheese",
            "1/2 cup   sliced green onion",
            "1/2 sliced red onion",
            "2 chopped roma tomatoes",
            "8 button mushrooms , sliced"
        ],
        "directions": [
            "First cut chicken into bite size little pieces.",
            "In a bowl with the chicken, add soy sauce, cooking sake, a clove of chopped garlic, black pepper and crushed red pepper. Stir to coat.",
            "Let stand in refrigerator for about 20 minutes.",
            "Add 2 tbsp olive oil and butter into a pan at medium high, then add garlic and oregano. Cook for one minute. Set aside.",
            "After chicken marinades, drain liquid well, and put into a sautee pan on med-high with 1 tbsp olive oil. Cook until chicken is no longer pink. Set aside.",
            "Fit the pizza dough onto a baking pan, and brush with garlic, oregano, olive oil/butter mixture.",
            "Sprinkle the dough with parmesean cheese.",
            "Layer in this order: cheese (save a bit to sprinkle on top later), chicken, red onions,  mushrooms, tomatoes, and rest of cheese. Sprinkle the top with parmesean cheese.",
            "Bake, uncovered, in a 400\u00b0F oven for 20-25 minutes till golden.",
            "Top with green onions."
        ],
        "cooking_time": "50mins"
    },
    {
        "title": "No title found",
        "ingredients": [],
        "directions": [],
        "cooking_time": "Unknown"
    },
    {
        "title": "Chicken Ranch Pizza",
        "ingredients": [
            "1 (10   ounce) can   prepared pizza crust",
            "1/2 cup    ranch dressing (I prefer ranch with bacon)",
            "1 tomatoes , seeded and diced",
            "1/4 cup green onion , chopped with tops",
            "1 cup   shredded mozzarella cheese",
            "1 cup   shredded cheddar cheese",
            "8 ounces boneless skinless chicken breast halves , diced",
            "1 teaspoon salt (to taste)",
            "1 teaspoon pepper (to taste)"
        ],
        "directions": [
            "Preheat oven to 425\u00b0F.",
            "Lightly spray 8x12-inch cooking pan with vegetable oil cooking spray.",
            "Unroll dough and press into prepared pan.",
            "Bake crust 7 minutes or until it turns slightly brown.",
            "Remove from oven.",
            "Spread dressing over partially baked crust.",
            "Sprinkle wit mozzarella cheese, tomatoes, green onions, chicken and cheddar cheese.",
            "Return to oven for twenty minutes or until cheese has melted.",
            "My kids love this!"
        ],
        "cooking_time": "40mins"
    },
    {
        "title": "No title found",
        "ingredients": [],
        "directions": [],
        "cooking_time": "Unknown"
    },
    {
        "title": "BLT Ranch Salad Pizza - Pampered Chef",
        "ingredients": [
            "1 Pillsbury refrigerated classic pizza crust",
            "2 cups iceberg lettuce , thinly sliced",
            "2 plum tomatoes , seeded & chopped",
            "1 (8   ounce) package cream cheese , softened",
            "1/2 cup    ranch dressing, divided",
            "1 garlic clove , pressed",
            "1/2 cup cheddar cheese , shredded",
            "1/4 cup    olive, sliced",
            "1/4 cup onion , chopped fine",
            "6 slices bacon , cooked & crumbled"
        ],
        "directions": [
            "Bake crust according to instructions.  Cool completely.",
            "Combine cream cheese, 1/4 cup ranch dressing & garlic.",
            "Spread evenly over crust.",
            "Top with lettuce, tomatoes, cheese, olives, onion & bacon.",
            "Drizzle with remaining dressing.",
            "Serve!"
        ],
        "cooking_time": "1hr"
    }
]